timestamp           ,mean_bearing_1 ,std_bearing_1 ,max_bearing_1 ,min_bearing_1 ,is_failure
2004-02-12 10:32:39 ,-0.010196      ,     0.073475 ,        0.454 ,-0.386        ,N
2004-02-12 10:42:39 ,-0.002585      ,     0.075338 ,        0.369 ,-0.388        ,N
2004-02-12 10:52:39 ,-0.002484      ,     0.076189 ,        0.503 ,-0.4          ,N
2004-02-12 11:02:39 ,-0.002277      ,     0.078691 ,        0.608 ,-0.576        ,N
2004-02-12 11:12:39 ,-0.002404      ,     0.078437 ,        0.391 ,-0.391        ,N
2004-02-12 11:22:39 ,-0.001623      ,     0.078298 ,        0.439 ,-0.366        ,N
2004-02-12 11:32:39 ,-0.001606      ,     0.078616 ,        0.388 ,-0.408        ,N
2004-02-12 11:42:39 ,-0.002027      ,     0.077746 ,        0.415 ,-0.334        ,N
2004-02-12 11:52:39 ,-0.001916      ,     0.079006 ,        0.386 ,-0.361        ,N
2004-02-12 12:02:39 ,-0.002097      ,     0.075689 ,        0.378 ,-0.344        ,N
2004-02-12 12:12:39 ,-0.001791      ,     0.079221 ,        0.4   ,-0.415        ,N
2004-02-12 12:22:39 ,-0.001555      ,     0.077623 ,        0.474 ,-0.439        ,N
2004-02-12 12:32:39 ,-0.002451      ,     0.077366 ,        0.4   ,-0.378        ,N
2004-02-12 12:42:39 ,-0.001034      ,     0.079858 ,        0.42  ,-0.432        ,N
2004-02-12 12:52:39 ,-0.002372      ,     0.079181 ,        0.422 ,-0.383        ,N
2004-02-12 13:02:39 ,-0.001521      ,     0.078647 ,        0.354 ,-0.371        ,N
2004-02-12 13:12:39 ,-0.002017      ,     0.078427 ,        0.439 ,-0.381        ,N
2004-02-12 13:22:39 ,-0.001662      ,     0.077605 ,        0.405 ,-0.444        ,N
2004-02-12 13:32:39 ,-0.002757      ,     0.077777 ,        0.356 ,-0.405        ,N
2004-02-12 13:42:39 ,-0.002261      ,     0.078901 ,        0.471 ,-0.403        ,N
2004-02-12 13:52:39 ,-0.001448      ,     0.079015 ,        0.415 ,-0.388        ,N
2004-02-12 14:02:39 ,-0.001809      ,     0.079343 ,        0.381 ,-0.361        ,N
2004-02-12 14:12:39 ,-0.001802      ,     0.079466 ,        0.344 ,-0.342        ,N
2004-02-12 14:22:39 ,-0.002246      ,     0.079721 ,        0.366 ,-0.393        ,N
2004-02-12 14:32:39 ,-0.001977      ,     0.079357 ,        0.413 ,-0.437        ,N
2004-02-12 14:42:39 ,-0.002174      ,     0.077561 ,        0.405 ,-0.308        ,N
2004-02-12 14:52:39 ,-0.001515      ,     0.077726 ,        0.344 ,-0.388        ,N
2004-02-12 15:02:39 ,-0.002249      ,     0.077481 ,        0.369 ,-0.4          ,N
2004-02-12 15:12:39 ,-0.002356      ,     0.078244 ,        0.391 ,-0.344        ,N
2004-02-12 15:22:39 ,-0.002445      ,     0.078823 ,        0.383 ,-0.488        ,N
2004-02-12 15:32:39 ,-0.002275      ,     0.078549 ,        0.403 ,-0.4          ,N
2004-02-12 15:42:39 ,-0.001819      ,     0.08021  ,        0.396 ,-0.378        ,N
2004-02-12 15:52:39 ,-0.00188       ,     0.077398 ,        0.388 ,-0.344        ,N
2004-02-12 16:02:39 ,-0.001988      ,     0.078991 ,        0.376 ,-0.364        ,N
2004-02-12 16:12:39 ,-0.001353      ,     0.078223 ,        0.359 ,-0.303        ,N
2004-02-12 16:22:39 ,-0.001791      ,     0.078108 ,        0.356 ,-0.354        ,N
2004-02-12 16:32:39 ,-0.002033      ,     0.076835 ,        0.347 ,-0.413        ,N
2004-02-12 16:42:39 ,-0.00182       ,     0.079844 ,        0.352 ,-0.457        ,N
2004-02-12 16:52:39 ,-0.002309      ,     0.077395 ,        0.356 ,-0.378        ,N
2004-02-12 17:02:39 ,-0.001994      ,     0.078436 ,        0.498 ,-0.398        ,N
2004-02-12 17:12:39 ,-0.002491      ,     0.078556 ,        0.354 ,-0.371        ,N
2004-02-12 17:22:39 ,-0.001804      ,     0.078641 ,        0.393 ,-0.354        ,N
2004-02-12 17:32:39 ,-0.001731      ,     0.077609 ,        0.449 ,-0.33         ,N
2004-02-12 17:42:39 ,-0.001946      ,     0.078185 ,        0.415 ,-0.334        ,N
2004-02-12 17:52:39 ,-0.001612      ,     0.078072 ,        0.469 ,-0.444        ,N
2004-02-12 18:02:39 ,-0.001743      ,     0.076462 ,        0.344 ,-0.361        ,N
2004-02-12 18:12:39 ,-0.002006      ,     0.078888 ,        0.364 ,-0.325        ,N
2004-02-12 18:22:39 ,-0.002138      ,     0.077293 ,        0.396 ,-0.356        ,N
2004-02-12 18:32:39 ,-0.002202      ,     0.078217 ,        0.349 ,-0.415        ,N
2004-02-12 18:42:39 ,-0.002127      ,     0.07694  ,        0.366 ,-0.405        ,N
2004-02-12 18:52:39 ,-0.001901      ,     0.078457 ,        0.396 ,-0.396        ,N
2004-02-12 19:02:39 ,-0.001944      ,     0.078516 ,        0.403 ,-0.427        ,N
2004-02-12 19:12:39 ,-0.001852      ,     0.079359 ,        0.532 ,-0.461        ,N
2004-02-12 19:22:39 ,-0.002053      ,     0.076886 ,        0.352 ,-0.386        ,N
2004-02-12 19:32:39 ,-0.001936      ,     0.076603 ,        0.393 ,-0.4          ,N
2004-02-12 19:42:39 ,-0.002105      ,     0.078311 ,        0.442 ,-0.349        ,N
2004-02-12 19:52:39 ,-0.002426      ,     0.077342 ,        0.352 ,-0.461        ,N
2004-02-12 20:02:39 ,-0.002037      ,     0.077397 ,        0.383 ,-0.452        ,N
2004-02-12 20:12:39 ,-0.002047      ,     0.07597  ,        0.347 ,-0.347        ,N
2004-02-12 20:22:39 ,-0.001758      ,     0.078109 ,        0.388 ,-0.349        ,N
2004-02-12 20:32:39 ,-0.001896      ,     0.07864  ,        0.413 ,-0.366        ,N
2004-02-12 20:42:39 ,-0.002295      ,     0.077092 ,        0.342 ,-0.327        ,N
2004-02-12 20:52:39 ,-0.002557      ,     0.07926  ,        0.391 ,-0.386        ,N
2004-02-12 21:02:39 ,-0.002071      ,     0.076915 ,        0.408 ,-0.361        ,N
2004-02-12 21:12:39 ,-0.001876      ,     0.077177 ,        0.386 ,-0.388        ,N
2004-02-12 21:22:39 ,-0.001793      ,     0.076975 ,        0.371 ,-0.381        ,N
2004-02-12 21:32:39 ,-0.001904      ,     0.077423 ,        0.459 ,-0.383        ,N
2004-02-12 21:42:39 ,-0.001964      ,     0.076616 ,        0.393 ,-0.32         ,N
2004-02-12 21:52:39 ,-0.001947      ,     0.076931 ,        0.369 ,-0.386        ,N
2004-02-12 22:02:39 ,-0.002412      ,     0.077287 ,        0.444 ,-0.381        ,N
2004-02-12 22:12:39 ,-0.002701      ,     0.075725 ,        0.5   ,-0.361        ,N
2004-02-12 22:22:39 ,-0.001879      ,     0.076666 ,        0.391 ,-0.349        ,N
2004-02-12 22:32:39 ,-0.002236      ,     0.077368 ,        0.364 ,-0.439        ,N
2004-02-12 22:42:39 ,-0.001549      ,     0.07794  ,        0.383 ,-0.398        ,N
2004-02-12 22:52:39 ,-0.001936      ,     0.078797 ,        0.332 ,-0.437        ,N
2004-02-12 23:02:39 ,-0.002062      ,     0.077533 ,        0.383 ,-0.342        ,N
2004-02-12 23:12:39 ,-0.002091      ,     0.076862 ,        0.342 ,-0.352        ,N
2004-02-12 23:22:39 ,-0.002017      ,     0.07822  ,        0.422 ,-0.432        ,N
2004-02-12 23:32:39 ,-0.001697      ,     0.076707 ,        0.415 ,-0.393        ,N
2004-02-12 23:42:39 ,-0.001357      ,     0.077371 ,        0.359 ,-0.427        ,N
2004-02-12 23:52:39 ,-0.002454      ,     0.076951 ,        0.361 ,-0.349        ,N
2004-02-13 00:02:39 ,-0.002161      ,     0.074791 ,        0.337 ,-0.369        ,N
2004-02-13 00:12:39 ,-0.002272      ,     0.077305 ,        0.457 ,-0.447        ,N
2004-02-13 00:22:39 ,-0.001842      ,     0.076772 ,        0.342 ,-0.374        ,N
2004-02-13 00:32:39 ,-0.001707      ,     0.077703 ,        0.42  ,-0.334        ,N
2004-02-13 00:42:39 ,-0.001816      ,     0.077338 ,        0.442 ,-0.339        ,N
2004-02-13 00:52:39 ,-0.002742      ,     0.076843 ,        0.403 ,-0.352        ,N
2004-02-13 01:02:39 ,-0.001852      ,     0.074899 ,        0.359 ,-0.359        ,N
2004-02-13 01:12:39 ,-0.001559      ,     0.077615 ,        0.452 ,-0.42         ,N
2004-02-13 01:22:39 ,-0.00194       ,     0.07776  ,        0.374 ,-0.347        ,N
2004-02-13 01:32:39 ,-0.002698      ,     0.078543 ,        0.393 ,-0.378        ,N
2004-02-13 01:42:39 ,-0.002597      ,     0.075946 ,        0.356 ,-0.376        ,N
2004-02-13 01:52:39 ,-0.001834      ,     0.076689 ,        0.386 ,-0.332        ,N
2004-02-13 02:02:39 ,-0.002048      ,     0.075016 ,        0.425 ,-0.342        ,N
2004-02-13 02:12:39 ,-0.001778      ,     0.078226 ,        0.403 ,-0.352        ,N
2004-02-13 02:22:39 ,-0.001762      ,     0.07743  ,        0.42  ,-0.344        ,N
2004-02-13 02:32:39 ,-0.001758      ,     0.078296 ,        0.408 ,-0.437        ,N
2004-02-13 02:42:39 ,-0.002362      ,     0.076524 ,        0.444 ,-0.359        ,N
2004-02-13 02:52:39 ,-0.002021      ,     0.077654 ,        0.378 ,-0.381        ,N
2004-02-13 03:02:39 ,-0.001918      ,     0.075691 ,        0.378 ,-0.396        ,N
2004-02-13 03:12:39 ,-0.001782      ,     0.077926 ,        0.388 ,-0.361        ,N
2004-02-13 03:22:39 ,-0.00249       ,     0.076553 ,        0.369 ,-0.381        ,N
2004-02-13 03:32:39 ,-0.001787      ,     0.076379 ,        0.469 ,-0.398        ,N
2004-02-13 03:42:39 ,-0.002055      ,     0.076604 ,        0.33  ,-0.371        ,N
2004-02-13 03:52:39 ,-0.001872      ,     0.07726  ,        0.437 ,-0.396        ,N
2004-02-13 04:02:39 ,-0.002171      ,     0.07761  ,        0.364 ,-0.425        ,N
2004-02-13 04:12:39 ,-0.001372      ,     0.076808 ,        0.425 ,-0.378        ,N
2004-02-13 04:22:39 ,-0.001764      ,     0.076041 ,        0.42  ,-0.366        ,N
2004-02-13 04:32:39 ,-0.001753      ,     0.07602  ,        0.369 ,-0.339        ,N
2004-02-13 04:42:39 ,-0.001768      ,     0.07734  ,        0.381 ,-0.364        ,N
2004-02-13 04:52:39 ,-0.002119      ,     0.076474 ,        0.361 ,-0.334        ,N
2004-02-13 05:02:39 ,-0.001325      ,     0.076264 ,        0.354 ,-0.364        ,N
2004-02-13 05:12:39 ,-0.001446      ,     0.077964 ,        0.417 ,-0.349        ,N
2004-02-13 05:22:39 ,-0.002103      ,     0.076036 ,        0.369 ,-0.413        ,N
2004-02-13 05:32:39 ,-0.001948      ,     0.07678  ,        0.374 ,-0.352        ,N
2004-02-13 05:42:39 ,-0.001884      ,     0.075489 ,        0.349 ,-0.408        ,N
2004-02-13 05:52:39 ,-0.001549      ,     0.078933 ,        0.452 ,-0.444        ,N
2004-02-13 06:02:39 ,-0.001479      ,     0.077201 ,        0.378 ,-0.388        ,N
2004-02-13 06:12:39 ,-0.002171      ,     0.077728 ,        0.393 ,-0.383        ,N
2004-02-13 06:22:39 ,-0.001138      ,     0.077265 ,        0.417 ,-0.408        ,N
2004-02-13 06:32:39 ,-0.001995      ,     0.076664 ,        0.422 ,-0.41         ,N
2004-02-13 06:42:39 ,-0.002105      ,     0.078099 ,        0.405 ,-0.383        ,N
2004-02-13 06:52:39 ,-0.001531      ,     0.077803 ,        0.361 ,-0.437        ,N
2004-02-13 07:02:39 ,-0.001606      ,     0.079168 ,        0.359 ,-0.381        ,N
2004-02-13 07:12:39 ,-0.001776      ,     0.076372 ,        0.366 ,-0.342        ,N
2004-02-13 07:22:39 ,-0.002487      ,     0.077099 ,        0.43  ,-0.354        ,N
2004-02-13 07:32:39 ,-0.002367      ,     0.076161 ,        0.376 ,-0.376        ,N
2004-02-13 07:42:39 ,-0.002093      ,     0.07632  ,        0.356 ,-0.374        ,N
2004-02-13 07:52:39 ,-0.001836      ,     0.07633  ,        0.32  ,-0.4          ,N
2004-02-13 08:02:39 ,-0.00161       ,     0.074953 ,        0.347 ,-0.337        ,N
2004-02-13 08:12:39 ,-0.002462      ,     0.075955 ,        0.332 ,-0.33         ,N
2004-02-13 08:22:39 ,-0.002116      ,     0.076346 ,        0.464 ,-0.42         ,N
2004-02-13 08:32:39 ,-0.001407      ,     0.076146 ,        0.364 ,-0.347        ,N
2004-02-13 08:42:39 ,-0.002235      ,     0.076718 ,        0.371 ,-0.386        ,N
2004-02-13 08:52:39 ,-0.001742      ,     0.077736 ,        0.444 ,-0.349        ,N
2004-02-13 09:02:39 ,-0.001916      ,     0.078269 ,        0.349 ,-0.403        ,N
2004-02-13 09:12:39 ,-0.001815      ,     0.077689 ,        0.396 ,-0.371        ,N
2004-02-13 09:22:39 ,-0.001511      ,     0.07646  ,        0.349 ,-0.361        ,N
2004-02-13 09:32:39 ,-0.002109      ,     0.077776 ,        0.41  ,-0.417        ,N
2004-02-13 09:42:39 ,-0.00157       ,     0.075197 ,        0.344 ,-0.312        ,N
2004-02-13 09:52:39 ,-0.002288      ,     0.076753 ,        0.337 ,-0.361        ,N
2004-02-13 10:02:39 ,-0.002485      ,     0.077381 ,        0.386 ,-0.439        ,N
2004-02-13 10:12:39 ,-0.001517      ,     0.076567 ,        0.515 ,-0.4          ,N
2004-02-13 10:22:39 ,-0.001956      ,     0.076753 ,        0.371 ,-0.308        ,N
2004-02-13 10:32:39 ,-0.002237      ,     0.075878 ,        0.334 ,-0.417        ,N
2004-02-13 10:42:39 ,-0.001658      ,     0.075867 ,        0.425 ,-0.356        ,N
2004-02-13 10:52:39 ,-0.001396      ,     0.076044 ,        0.344 ,-0.381        ,N
2004-02-13 11:02:39 ,-0.002793      ,     0.075574 ,        0.452 ,-0.366        ,N
2004-02-13 11:12:39 ,-0.001773      ,     0.07619  ,        0.32  ,-0.361        ,N
2004-02-13 11:22:39 ,-0.00182       ,     0.07678  ,        0.347 ,-0.388        ,N
2004-02-13 11:32:39 ,-0.001455      ,     0.075144 ,        0.403 ,-0.342        ,N
2004-02-13 11:42:39 ,-0.002198      ,     0.078909 ,        0.466 ,-0.447        ,N
2004-02-13 11:52:39 ,-0.002208      ,     0.076892 ,        0.435 ,-0.322        ,N
2004-02-13 12:02:39 ,-0.002584      ,     0.076448 ,        0.376 ,-0.366        ,N
2004-02-13 12:12:39 ,-0.002189      ,     0.076476 ,        0.342 ,-0.32         ,N
2004-02-13 12:22:39 ,-0.001859      ,     0.077376 ,        0.356 ,-0.369        ,N
2004-02-13 12:32:39 ,-0.001791      ,     0.07846  ,        0.43  ,-0.447        ,N
2004-02-13 12:42:39 ,-0.002137      ,     0.079017 ,        0.388 ,-0.425        ,N
2004-02-13 12:52:39 ,-0.001487      ,     0.07667  ,        0.334 ,-0.369        ,N
2004-02-13 13:02:39 ,-0.001944      ,     0.077287 ,        0.408 ,-0.378        ,N
2004-02-13 13:12:39 ,-0.002222      ,     0.07648  ,        0.347 ,-0.327        ,N
2004-02-13 13:22:39 ,-0.002356      ,     0.078496 ,        0.378 ,-0.378        ,N
2004-02-13 13:32:39 ,-0.002241      ,     0.076921 ,        0.369 ,-0.408        ,N
2004-02-13 13:42:39 ,-0.001808      ,     0.077341 ,        0.427 ,-0.383        ,N
2004-02-13 13:52:39 ,-0.00204       ,     0.076147 ,        0.332 ,-0.334        ,N
2004-02-13 14:02:39 ,-0.002191      ,     0.077591 ,        0.317 ,-0.439        ,N
2004-02-13 14:12:39 ,-0.002535      ,     0.077212 ,        0.347 ,-0.439        ,N
2004-02-13 14:22:39 ,-0.002021      ,     0.07766  ,        0.391 ,-0.439        ,N
2004-02-13 14:32:39 ,-0.001932      ,     0.077794 ,        0.342 ,-0.393        ,N
2004-02-13 14:42:39 ,-0.001699      ,     0.077264 ,        0.349 ,-0.354        ,N
2004-02-13 14:52:39 ,-0.002271      ,     0.076354 ,        0.432 ,-0.396        ,N
2004-02-13 15:02:39 ,-0.002145      ,     0.078155 ,        0.435 ,-0.439        ,N
2004-02-13 15:12:39 ,-0.001728      ,     0.076142 ,        0.334 ,-0.344        ,N
2004-02-13 15:22:39 ,-0.001635      ,     0.075325 ,        0.32  ,-0.381        ,N
2004-02-13 15:32:39 ,-0.002045      ,     0.076867 ,        0.356 ,-0.359        ,N
2004-02-13 15:42:39 ,-0.001824      ,     0.075462 ,        0.344 ,-0.327        ,N
2004-02-13 15:52:39 ,-0.001489      ,     0.078249 ,        0.496 ,-0.476        ,N
2004-02-13 16:02:39 ,-0.001725      ,     0.075454 ,        0.374 ,-0.383        ,N
2004-02-13 16:12:39 ,-0.001982      ,     0.075535 ,        0.405 ,-0.366        ,N
2004-02-13 16:22:39 ,-0.002031      ,     0.076651 ,        0.381 ,-0.364        ,N
2004-02-13 16:32:39 ,-0.001444      ,     0.076737 ,        0.513 ,-0.374        ,N
2004-02-13 16:42:39 ,-0.002138      ,     0.07609  ,        0.361 ,-0.361        ,N
2004-02-13 16:52:39 ,-0.001569      ,     0.075149 ,        0.342 ,-0.327        ,N
2004-02-13 17:02:39 ,-0.00178       ,     0.078071 ,        0.322 ,-0.334        ,N
2004-02-13 17:12:39 ,-0.002097      ,     0.076328 ,        0.427 ,-0.378        ,N
2004-02-13 17:22:39 ,-0.002434      ,     0.07783  ,        0.381 ,-0.374        ,N
2004-02-13 17:32:39 ,-0.002382      ,     0.076573 ,        0.393 ,-0.352        ,N
2004-02-13 17:42:39 ,-0.001352      ,     0.078988 ,        0.396 ,-0.422        ,N
2004-02-13 17:52:39 ,-0.002103      ,     0.075361 ,        0.4   ,-0.381        ,N
2004-02-13 18:02:39 ,-0.001994      ,     0.077205 ,        0.364 ,-0.339        ,N
2004-02-13 18:12:39 ,-0.001907      ,     0.075287 ,        0.342 ,-0.381        ,N
2004-02-13 18:22:39 ,-0.001305      ,     0.078122 ,        0.393 ,-0.479        ,N
2004-02-13 18:32:39 ,-0.001973      ,     0.077423 ,        0.352 ,-0.337        ,N
2004-02-13 18:42:39 ,-0.002257      ,     0.077583 ,        0.42  ,-0.41         ,N
2004-02-13 18:52:39 ,-0.001997      ,     0.077712 ,        0.381 ,-0.371        ,N
2004-02-13 19:02:39 ,-0.00184       ,     0.076556 ,        0.393 ,-0.405        ,N
2004-02-13 19:12:39 ,-0.002377      ,     0.076146 ,        0.388 ,-0.405        ,N
2004-02-13 19:22:39 ,-0.001996      ,     0.075248 ,        0.415 ,-0.459        ,N
2004-02-13 19:32:39 ,-0.001816      ,     0.076514 ,        0.356 ,-0.398        ,N
2004-02-13 19:42:39 ,-0.00209       ,     0.076576 ,        0.337 ,-0.366        ,N
2004-02-13 19:52:39 ,-0.001629      ,     0.078624 ,        0.405 ,-0.386        ,N
2004-02-13 20:02:39 ,-0.001883      ,     0.077004 ,        0.442 ,-0.403        ,N
2004-02-13 20:12:39 ,-0.001767      ,     0.076526 ,        0.391 ,-0.442        ,N
2004-02-13 20:22:39 ,-0.00185       ,     0.07739  ,        0.366 ,-0.337        ,N
2004-02-13 20:32:39 ,-0.001708      ,     0.075871 ,        0.471 ,-0.376        ,N
2004-02-13 20:42:39 ,-0.002153      ,     0.075613 ,        0.403 ,-0.5          ,N
2004-02-13 20:52:39 ,-0.002706      ,     0.075845 ,        0.371 ,-0.369        ,N
2004-02-13 21:02:39 ,-0.002369      ,     0.077185 ,        0.371 ,-0.371        ,N
2004-02-13 21:12:39 ,-0.002247      ,     0.076661 ,        0.359 ,-0.374        ,N
2004-02-13 21:22:39 ,-0.001903      ,     0.076671 ,        0.354 ,-0.515        ,N
2004-02-13 21:32:39 ,-0.002541      ,     0.076401 ,        0.352 ,-0.383        ,N
2004-02-13 21:42:39 ,-0.002141      ,     0.078034 ,        0.376 ,-0.339        ,N
2004-02-13 21:52:39 ,-0.002179      ,     0.077307 ,        0.388 ,-0.342        ,N
2004-02-13 22:02:39 ,-0.00212       ,     0.07692  ,        0.369 ,-0.378        ,N
2004-02-13 22:12:39 ,-0.002138      ,     0.078887 ,        0.41  ,-0.393        ,N
2004-02-13 22:22:39 ,-0.001658      ,     0.07746  ,        0.381 ,-0.347        ,N
2004-02-13 22:32:39 ,-0.001582      ,     0.076868 ,        0.378 ,-0.371        ,N
2004-02-13 22:42:39 ,-0.002446      ,     0.077394 ,        0.32  ,-0.322        ,N
2004-02-13 22:52:39 ,-0.002295      ,     0.077618 ,        0.359 ,-0.442        ,N
2004-02-13 23:02:39 ,-0.001984      ,     0.078426 ,        0.354 ,-0.359        ,N
2004-02-13 23:12:39 ,-0.001493      ,     0.077451 ,        0.459 ,-0.457        ,N
2004-02-13 23:22:39 ,-0.002398      ,     0.076986 ,        0.408 ,-0.388        ,N
2004-02-13 23:32:39 ,-0.002389      ,     0.07599  ,        0.315 ,-0.364        ,N
2004-02-13 23:42:39 ,-0.002611      ,     0.077358 ,        0.369 ,-0.359        ,N
2004-02-13 23:52:39 ,-0.001871      ,     0.077541 ,        0.349 ,-0.405        ,N
2004-02-14 00:02:39 ,-0.001819      ,     0.076982 ,        0.374 ,-0.369        ,N
2004-02-14 00:12:39 ,-0.001826      ,     0.076315 ,        0.347 ,-0.386        ,N
2004-02-14 00:22:39 ,-0.002181      ,     0.07639  ,        0.388 ,-0.457        ,N
2004-02-14 00:32:39 ,-0.001991      ,     0.078191 ,        0.435 ,-0.347        ,N
2004-02-14 00:42:39 ,-0.002211      ,     0.077589 ,        0.388 ,-0.342        ,N
2004-02-14 00:52:39 ,-0.001653      ,     0.077153 ,        0.42  ,-0.42         ,N
2004-02-14 01:02:39 ,-0.002093      ,     0.077827 ,        0.386 ,-0.444        ,N
2004-02-14 01:12:39 ,-0.002283      ,     0.076111 ,        0.403 ,-0.308        ,N
2004-02-14 01:22:39 ,-0.002144      ,     0.078086 ,        0.369 ,-0.415        ,N
2004-02-14 01:32:39 ,-0.00186       ,     0.076444 ,        0.415 ,-0.322        ,N
2004-02-14 01:42:39 ,-0.002017      ,     0.077821 ,        0.347 ,-0.378        ,N
2004-02-14 01:52:39 ,-0.001846      ,     0.078074 ,        0.361 ,-0.374        ,N
2004-02-14 02:02:39 ,-0.001993      ,     0.078508 ,        0.327 ,-0.332        ,N
2004-02-14 02:12:39 ,-0.001489      ,     0.077386 ,        0.522 ,-0.356        ,N
2004-02-14 02:22:39 ,-0.002095      ,     0.077054 ,        0.378 ,-0.452        ,N
2004-02-14 02:32:39 ,-0.002164      ,     0.077824 ,        0.334 ,-0.415        ,N
2004-02-14 02:42:39 ,-0.002155      ,     0.076165 ,        0.349 ,-0.393        ,N
2004-02-14 02:52:39 ,-0.002141      ,     0.076869 ,        0.447 ,-0.349        ,N
2004-02-14 03:02:39 ,-0.00252       ,     0.075621 ,        0.381 ,-0.374        ,N
2004-02-14 03:12:39 ,-0.001525      ,     0.077076 ,        0.383 ,-0.396        ,N
2004-02-14 03:22:39 ,-0.001627      ,     0.078105 ,        0.386 ,-0.437        ,N
2004-02-14 03:32:39 ,-0.001762      ,     0.076147 ,        0.405 ,-0.369        ,N
2004-02-14 03:42:39 ,-0.00176       ,     0.077293 ,        0.352 ,-0.403        ,N
2004-02-14 03:52:39 ,-0.001607      ,     0.07586  ,        0.386 ,-0.381        ,N
2004-02-14 04:02:39 ,-0.001872      ,     0.076181 ,        0.405 ,-0.305        ,N
2004-02-14 04:12:39 ,-0.002182      ,     0.075731 ,        0.312 ,-0.347        ,N
2004-02-14 04:22:39 ,-0.001955      ,     0.076067 ,        0.386 ,-0.374        ,N
2004-02-14 04:32:39 ,-0.002213      ,     0.078587 ,        0.376 ,-0.378        ,N
2004-02-14 04:42:39 ,-0.00224       ,     0.076514 ,        0.381 ,-0.383        ,N
2004-02-14 04:52:39 ,-0.002072      ,     0.076522 ,        0.386 ,-0.396        ,N
2004-02-14 05:02:39 ,-0.001728      ,     0.076932 ,        0.366 ,-0.415        ,N
2004-02-14 05:12:39 ,-0.001999      ,     0.076636 ,        0.391 ,-0.371        ,N
2004-02-14 05:22:39 ,-0.001381      ,     0.077169 ,        0.405 ,-0.366        ,N
2004-02-14 05:32:39 ,-0.001716      ,     0.075466 ,        0.332 ,-0.425        ,N
2004-02-14 05:42:39 ,-0.002054      ,     0.078462 ,        0.376 ,-0.332        ,N
2004-02-14 05:52:39 ,-0.001629      ,     0.077432 ,        0.425 ,-0.386        ,N
2004-02-14 06:02:39 ,-0.001869      ,     0.077417 ,        0.439 ,-0.371        ,N
2004-02-14 06:12:39 ,-0.001809      ,     0.077226 ,        0.361 ,-0.422        ,N
2004-02-14 06:22:39 ,-0.002232      ,     0.075613 ,        0.361 ,-0.371        ,N
2004-02-14 06:32:39 ,-0.002218      ,     0.076117 ,        0.361 ,-0.376        ,N
2004-02-14 06:42:39 ,-0.002585      ,     0.078545 ,        0.457 ,-0.415        ,N
2004-02-14 06:52:39 ,-0.002184      ,     0.077871 ,        0.347 ,-0.356        ,N
2004-02-14 07:02:39 ,-0.0022        ,     0.077675 ,        0.398 ,-0.386        ,N
2004-02-14 07:12:39 ,-0.001616      ,     0.077842 ,        0.435 ,-0.344        ,N
2004-02-14 07:22:39 ,-0.001808      ,     0.075692 ,        0.403 ,-0.3          ,N
2004-02-14 07:32:39 ,-0.001958      ,     0.076367 ,        0.447 ,-0.371        ,N
2004-02-14 07:42:39 ,-0.001544      ,     0.077347 ,        0.413 ,-0.425        ,N
2004-02-14 07:52:39 ,-0.002203      ,     0.078392 ,        0.352 ,-0.378        ,N
2004-02-14 08:02:39 ,-0.001431      ,     0.076268 ,        0.425 ,-0.393        ,N
2004-02-14 08:12:39 ,-0.002166      ,     0.078194 ,        0.332 ,-0.364        ,N
2004-02-14 08:22:39 ,-0.001796      ,     0.078239 ,        0.439 ,-0.435        ,N
2004-02-14 08:32:39 ,-0.001498      ,     0.078819 ,        0.469 ,-0.364        ,N
2004-02-14 08:42:39 ,-0.002242      ,     0.076943 ,        0.439 ,-0.378        ,N
2004-02-14 08:52:39 ,-0.001623      ,     0.078671 ,        0.464 ,-0.344        ,N
2004-02-14 09:02:39 ,-0.002071      ,     0.076262 ,        0.408 ,-0.386        ,N
2004-02-14 09:12:39 ,-0.001615      ,     0.077566 ,        0.349 ,-0.33         ,N
2004-02-14 09:22:39 ,-0.001608      ,     0.07688  ,        0.356 ,-0.361        ,N
2004-02-14 09:32:39 ,-0.001794      ,     0.076778 ,        0.356 ,-0.32         ,N
2004-02-14 09:42:39 ,-0.00208       ,     0.077599 ,        0.374 ,-0.442        ,N
2004-02-14 09:52:39 ,-0.001761      ,     0.078044 ,        0.332 ,-0.349        ,N
2004-02-14 10:02:39 ,-0.001421      ,     0.076133 ,        0.366 ,-0.337        ,N
2004-02-14 10:12:39 ,-0.001375      ,     0.077737 ,        0.403 ,-0.378        ,N
2004-02-14 10:22:39 ,-0.001902      ,     0.076032 ,        0.417 ,-0.31         ,N
2004-02-14 10:32:39 ,-0.002536      ,     0.076877 ,        0.361 ,-0.339        ,N
2004-02-14 10:42:39 ,-0.002047      ,     0.076232 ,        0.422 ,-0.327        ,N
2004-02-14 10:52:39 ,-0.001896      ,     0.07748  ,        0.403 ,-0.352        ,N
2004-02-14 11:02:39 ,-0.001577      ,     0.076878 ,        0.356 ,-0.413        ,N
2004-02-14 11:12:39 ,-0.002377      ,     0.077618 ,        0.381 ,-0.342        ,N
2004-02-14 11:22:39 ,-0.001988      ,     0.076963 ,        0.386 ,-0.449        ,N
2004-02-14 11:32:39 ,-0.001761      ,     0.078117 ,        0.444 ,-0.383        ,N
2004-02-14 11:42:39 ,-0.001713      ,     0.076516 ,        0.415 ,-0.354        ,N
2004-02-14 11:52:39 ,-0.002408      ,     0.078411 ,        0.393 ,-0.361        ,N
2004-02-14 12:02:39 ,-0.002328      ,     0.077779 ,        0.403 ,-0.413        ,N
2004-02-14 12:12:39 ,-0.001597      ,     0.077286 ,        0.369 ,-0.33         ,N
2004-02-14 12:22:39 ,-0.001418      ,     0.078109 ,        0.396 ,-0.369        ,N
2004-02-14 12:32:39 ,-0.001987      ,     0.079208 ,        0.432 ,-0.344        ,N
2004-02-14 12:42:39 ,-0.001776      ,     0.07536  ,        0.371 ,-0.454        ,N
2004-02-14 12:52:39 ,-0.001263      ,     0.076942 ,        0.393 ,-0.315        ,N
2004-02-14 13:02:39 ,-0.00196       ,     0.076182 ,        0.374 ,-0.449        ,N
2004-02-14 13:12:39 ,-0.002205      ,     0.078522 ,        0.349 ,-0.356        ,N
2004-02-14 13:22:39 ,-0.001957      ,     0.077013 ,        0.422 ,-0.327        ,N
2004-02-14 13:32:39 ,-0.00252       ,     0.077795 ,        0.364 ,-0.378        ,N
2004-02-14 13:42:39 ,-0.002006      ,     0.076996 ,        0.366 ,-0.383        ,N
2004-02-14 13:52:39 ,-0.001866      ,     0.076034 ,        0.383 ,-0.364        ,N
2004-02-14 14:02:39 ,-0.002218      ,     0.077612 ,        0.378 ,-0.325        ,N
2004-02-14 14:12:39 ,-0.001435      ,     0.078232 ,        0.386 ,-0.408        ,N
2004-02-14 14:22:39 ,-0.001763      ,     0.078463 ,        0.417 ,-0.374        ,N
2004-02-14 14:32:39 ,-0.001953      ,     0.077767 ,        0.361 ,-0.371        ,N
2004-02-14 14:42:39 ,-0.00204       ,     0.076506 ,        0.371 ,-0.332        ,N
2004-02-14 14:52:39 ,-0.002242      ,     0.077687 ,        0.378 ,-0.415        ,N
2004-02-14 15:02:39 ,-0.001609      ,     0.076918 ,        0.359 ,-0.337        ,N
2004-02-14 15:12:39 ,-0.001653      ,     0.07839  ,        0.371 ,-0.437        ,N
2004-02-14 15:22:39 ,-0.0024        ,     0.076336 ,        0.366 ,-0.349        ,N
2004-02-14 15:32:39 ,-0.001545      ,     0.076839 ,        0.369 ,-0.398        ,N
2004-02-14 15:42:39 ,-0.002497      ,     0.076852 ,        0.344 ,-0.393        ,N
2004-02-14 15:52:39 ,-0.001877      ,     0.078157 ,        0.327 ,-0.432        ,N
2004-02-14 16:02:39 ,-0.00178       ,     0.078239 ,        0.417 ,-0.354        ,N
2004-02-14 16:12:39 ,-0.002706      ,     0.075955 ,        0.374 ,-0.4          ,N
2004-02-14 16:22:39 ,-0.002044      ,     0.077542 ,        0.374 ,-0.361        ,N
2004-02-14 16:32:39 ,-0.001551      ,     0.077314 ,        0.383 ,-0.378        ,N
2004-02-14 16:42:39 ,-0.00116       ,     0.076505 ,        0.391 ,-0.386        ,N
2004-02-14 16:52:39 ,-0.002463      ,     0.078724 ,        0.461 ,-0.427        ,N
2004-02-14 17:02:39 ,-0.001335      ,     0.075623 ,        0.364 ,-0.378        ,N
2004-02-14 17:12:39 ,-0.001643      ,     0.077632 ,        0.354 ,-0.347        ,N
2004-02-14 17:22:39 ,-0.001708      ,     0.078294 ,        0.422 ,-0.374        ,N
2004-02-14 17:32:39 ,-0.001914      ,     0.077464 ,        0.383 ,-0.4          ,N
2004-02-14 17:42:39 ,-0.001965      ,     0.076613 ,        0.403 ,-0.352        ,N
2004-02-14 17:52:39 ,-0.001819      ,     0.0751   ,        0.374 ,-0.366        ,N
2004-02-14 18:02:39 ,-0.002142      ,     0.074977 ,        0.354 ,-0.349        ,N
2004-02-14 18:12:39 ,-0.001755      ,     0.076362 ,        0.352 ,-0.361        ,N
2004-02-14 18:22:39 ,-0.002227      ,     0.077848 ,        0.364 ,-0.354        ,N
2004-02-14 18:32:39 ,-0.001797      ,     0.075253 ,        0.398 ,-0.396        ,N
2004-02-14 18:42:39 ,-0.002234      ,     0.079151 ,        0.378 ,-0.374        ,N
2004-02-14 18:52:39 ,-0.000972      ,     0.078001 ,        0.381 ,-0.359        ,N
2004-02-14 19:02:39 ,-0.00202       ,     0.07823  ,        0.349 ,-0.381        ,N
2004-02-14 19:12:39 ,-0.001582      ,     0.077546 ,        0.425 ,-0.371        ,N
2004-02-14 19:22:39 ,-0.001826      ,     0.076874 ,        0.376 ,-0.354        ,N
2004-02-14 19:32:39 ,-0.001708      ,     0.076733 ,        0.386 ,-0.4          ,N
2004-02-14 19:42:39 ,-0.001919      ,     0.077037 ,        0.391 ,-0.339        ,N
2004-02-14 19:52:39 ,-0.002041      ,     0.076457 ,        0.354 ,-0.369        ,N
2004-02-14 20:02:39 ,-0.001979      ,     0.078023 ,        0.454 ,-0.386        ,N
2004-02-14 20:12:39 ,-0.002131      ,     0.076476 ,        0.337 ,-0.352        ,N
2004-02-14 20:22:39 ,-0.001951      ,     0.078681 ,        0.422 ,-0.461        ,N
2004-02-14 20:32:39 ,-0.001976      ,     0.077195 ,        0.376 ,-0.388        ,N
2004-02-14 20:42:39 ,-0.001947      ,     0.076656 ,        0.41  ,-0.378        ,N
2004-02-14 20:52:39 ,-0.002346      ,     0.075569 ,        0.393 ,-0.349        ,N
2004-02-14 21:02:39 ,-0.002038      ,     0.076404 ,        0.366 ,-0.352        ,N
2004-02-14 21:12:39 ,-0.002419      ,     0.077348 ,        0.369 ,-0.339        ,N
2004-02-14 21:22:39 ,-0.001659      ,     0.076714 ,        0.522 ,-0.369        ,N
2004-02-14 21:32:39 ,-0.001887      ,     0.077851 ,        0.361 ,-0.449        ,N
2004-02-14 21:42:39 ,-0.001136      ,     0.076093 ,        0.459 ,-0.371        ,N
2004-02-14 21:52:39 ,-0.001772      ,     0.078429 ,        0.391 ,-0.369        ,N
2004-02-14 22:02:39 ,-0.001533      ,     0.078371 ,        0.354 ,-0.378        ,N
2004-02-14 22:12:39 ,-0.001754      ,     0.076381 ,        0.354 ,-0.396        ,N
2004-02-14 22:22:39 ,-0.002301      ,     0.077554 ,        0.398 ,-0.327        ,N
2004-02-14 22:32:39 ,-0.001818      ,     0.076286 ,        0.4   ,-0.349        ,N
2004-02-14 22:42:39 ,-0.001931      ,     0.075334 ,        0.378 ,-0.366        ,N
2004-02-14 22:52:39 ,-0.002282      ,     0.076813 ,        0.322 ,-0.371        ,N
2004-02-14 23:02:39 ,-0.001715      ,     0.077854 ,        0.349 ,-0.366        ,N
2004-02-14 23:12:39 ,-0.00212       ,     0.077526 ,        0.508 ,-0.354        ,N
2004-02-14 23:22:39 ,-0.002073      ,     0.076636 ,        0.403 ,-0.347        ,N
2004-02-14 23:32:39 ,-0.0024        ,     0.077528 ,        0.396 ,-0.461        ,N
2004-02-14 23:42:39 ,-0.002123      ,     0.077466 ,        0.393 ,-0.33         ,N
2004-02-14 23:52:39 ,-0.001665      ,     0.076945 ,        0.417 ,-0.374        ,N
2004-02-15 00:02:39 ,-0.002107      ,     0.078246 ,        0.356 ,-0.361        ,N
2004-02-15 00:12:39 ,-0.001969      ,     0.075739 ,        0.369 ,-0.376        ,N
2004-02-15 00:22:39 ,-0.001622      ,     0.074935 ,        0.342 ,-0.349        ,N
2004-02-15 00:32:39 ,-0.001884      ,     0.075989 ,        0.408 ,-0.454        ,N
2004-02-15 00:42:39 ,-0.001586      ,     0.07783  ,        0.4   ,-0.437        ,N
2004-02-15 00:52:39 ,-0.002137      ,     0.077743 ,        0.374 ,-0.344        ,N
2004-02-15 01:02:39 ,-0.001766      ,     0.076074 ,        0.383 ,-0.391        ,N
2004-02-15 01:12:39 ,-0.00196       ,     0.077895 ,        0.381 ,-0.347        ,N
2004-02-15 01:22:39 ,-0.001369      ,     0.076842 ,        0.466 ,-0.322        ,N
2004-02-15 01:32:39 ,-0.001829      ,     0.076721 ,        0.371 ,-0.327        ,N
2004-02-15 01:42:39 ,-0.001744      ,     0.07581  ,        0.347 ,-0.369        ,N
2004-02-15 01:52:39 ,-0.001253      ,     0.078434 ,        0.493 ,-0.376        ,N
2004-02-15 02:02:39 ,-0.002171      ,     0.077289 ,        0.359 ,-0.366        ,N
2004-02-15 02:12:39 ,-0.002352      ,     0.077367 ,        0.327 ,-0.371        ,N
2004-02-15 02:22:39 ,-0.001856      ,     0.076993 ,        0.359 ,-0.383        ,N
2004-02-15 02:32:39 ,-0.001504      ,     0.075197 ,        0.32  ,-0.342        ,N
2004-02-15 02:42:39 ,-0.002389      ,     0.076851 ,        0.408 ,-0.356        ,N
2004-02-15 02:52:39 ,-0.002623      ,     0.076327 ,        0.398 ,-0.366        ,N
2004-02-15 03:02:39 ,-0.002058      ,     0.075837 ,        0.366 ,-0.381        ,N
2004-02-15 03:12:39 ,-0.001181      ,     0.07509  ,        0.391 ,-0.369        ,N
2004-02-15 03:22:39 ,-0.001796      ,     0.077974 ,        0.415 ,-0.432        ,N
2004-02-15 03:32:39 ,-0.00162       ,     0.077949 ,        0.342 ,-0.356        ,N
2004-02-15 03:42:39 ,-0.002167      ,     0.077958 ,        0.4   ,-0.391        ,N
2004-02-15 03:52:39 ,-0.002096      ,     0.077805 ,        0.332 ,-0.376        ,N
2004-02-15 04:02:39 ,-0.001994      ,     0.078948 ,        0.41  ,-0.347        ,N
2004-02-15 04:12:39 ,-0.001571      ,     0.078616 ,        0.444 ,-0.359        ,N
2004-02-15 04:22:39 ,-0.002155      ,     0.077241 ,        0.459 ,-0.33         ,N
2004-02-15 04:32:39 ,-0.001903      ,     0.076841 ,        0.449 ,-0.31         ,N
2004-02-15 04:42:39 ,-0.001705      ,     0.078576 ,        0.43  ,-0.383        ,N
2004-02-15 04:52:39 ,-0.001984      ,     0.074039 ,        0.3   ,-0.315        ,N
2004-02-15 05:02:39 ,-0.001497      ,     0.077168 ,        0.386 ,-0.312        ,N
2004-02-15 05:12:39 ,-0.00173       ,     0.077591 ,        0.474 ,-0.366        ,N
2004-02-15 05:22:39 ,-0.001866      ,     0.075332 ,        0.405 ,-0.361        ,N
2004-02-15 05:32:39 ,-0.002201      ,     0.076555 ,        0.352 ,-0.386        ,N
2004-02-15 05:42:39 ,-0.002155      ,     0.073975 ,        0.293 ,-0.366        ,N
2004-02-15 05:52:39 ,-0.001561      ,     0.077221 ,        0.344 ,-0.376        ,N
2004-02-15 06:02:39 ,-0.001954      ,     0.076357 ,        0.339 ,-0.352        ,N
2004-02-15 06:12:39 ,-0.002509      ,     0.076531 ,        0.332 ,-0.371        ,N
2004-02-15 06:22:39 ,-0.001809      ,     0.076205 ,        0.339 ,-0.325        ,N
2004-02-15 06:32:39 ,-0.001504      ,     0.076096 ,        0.356 ,-0.33         ,N
2004-02-15 06:42:39 ,-0.002059      ,     0.076207 ,        0.427 ,-0.383        ,N
2004-02-15 06:52:39 ,-0.002194      ,     0.077054 ,        0.347 ,-0.403        ,N
2004-02-15 07:02:39 ,-0.002331      ,     0.07745  ,        0.491 ,-0.469        ,N
2004-02-15 07:12:39 ,-0.001756      ,     0.076086 ,        0.334 ,-0.396        ,N
2004-02-15 07:22:39 ,-0.001811      ,     0.076329 ,        0.352 ,-0.371        ,N
2004-02-15 07:32:39 ,-0.00197       ,     0.077036 ,        0.396 ,-0.298        ,N
2004-02-15 07:42:39 ,-0.001896      ,     0.076973 ,        0.33  ,-0.369        ,N
2004-02-15 07:52:39 ,-0.001674      ,     0.077262 ,        0.378 ,-0.354        ,N
2004-02-15 08:02:39 ,-0.001979      ,     0.077779 ,        0.405 ,-0.381        ,N
2004-02-15 08:12:39 ,-0.002307      ,     0.076816 ,        0.374 ,-0.374        ,N
2004-02-15 08:22:39 ,-0.001744      ,     0.076576 ,        0.388 ,-0.393        ,N
2004-02-15 08:32:39 ,-0.001807      ,     0.076383 ,        0.349 ,-0.452        ,N
2004-02-15 08:42:39 ,-0.00216       ,     0.078048 ,        0.388 ,-0.437        ,N
2004-02-15 08:52:39 ,-0.001722      ,     0.077111 ,        0.376 ,-0.427        ,N
2004-02-15 09:02:39 ,-0.002508      ,     0.076636 ,        0.378 ,-0.33         ,N
2004-02-15 09:12:39 ,-0.001742      ,     0.076149 ,        0.435 ,-0.312        ,N
2004-02-15 09:22:39 ,-0.001332      ,     0.077679 ,        0.398 ,-0.369        ,N
2004-02-15 09:32:39 ,-0.002038      ,     0.077019 ,        0.415 ,-0.366        ,N
2004-02-15 09:42:39 ,-0.002028      ,     0.076163 ,        0.32  ,-0.327        ,N
2004-02-15 09:52:39 ,-0.001651      ,     0.076249 ,        0.374 ,-0.415        ,N
2004-02-15 10:02:39 ,-0.0023        ,     0.076845 ,        0.408 ,-0.317        ,N
2004-02-15 10:12:39 ,-0.002044      ,     0.077567 ,        0.405 ,-0.391        ,N
2004-02-15 10:22:39 ,-0.002122      ,     0.077489 ,        0.466 ,-0.342        ,N
2004-02-15 10:32:39 ,-0.001516      ,     0.077253 ,        0.374 ,-0.349        ,N
2004-02-15 10:42:39 ,-0.001756      ,     0.076279 ,        0.417 ,-0.388        ,N
2004-02-15 10:52:39 ,-0.001859      ,     0.077792 ,        0.378 ,-0.376        ,N
2004-02-15 11:02:39 ,-0.002179      ,     0.077954 ,        0.386 ,-0.359        ,N
2004-02-15 11:12:39 ,-0.001215      ,     0.077163 ,        0.356 ,-0.364        ,N
2004-02-15 11:22:39 ,-0.001657      ,     0.076554 ,        0.359 ,-0.386        ,N
2004-02-15 11:32:39 ,-0.001828      ,     0.078204 ,        0.388 ,-0.356        ,N
2004-02-15 11:42:39 ,-0.001928      ,     0.078192 ,        0.342 ,-0.308        ,N
2004-02-15 11:52:39 ,-0.001817      ,     0.077361 ,        0.444 ,-0.403        ,N
2004-02-15 12:02:39 ,-0.002208      ,     0.077233 ,        0.398 ,-0.378        ,N
2004-02-15 12:12:39 ,-0.001745      ,     0.076974 ,        0.427 ,-0.369        ,N
2004-02-15 12:22:39 ,-0.002423      ,     0.076872 ,        0.378 ,-0.339        ,N
2004-02-15 12:32:39 ,-0.002081      ,     0.077296 ,        0.347 ,-0.371        ,N
2004-02-15 12:42:39 ,-0.002344      ,     0.078278 ,        0.356 ,-0.398        ,N
2004-02-15 12:52:39 ,-0.001628      ,     0.078304 ,        0.383 ,-0.337        ,N
2004-02-15 13:02:39 ,-0.001625      ,     0.078618 ,        0.378 ,-0.549        ,N
2004-02-15 13:12:39 ,-0.00172       ,     0.075876 ,        0.359 ,-0.396        ,N
2004-02-15 13:22:39 ,-0.002499      ,     0.075951 ,        0.359 ,-0.359        ,N
2004-02-15 13:32:39 ,-0.001985      ,     0.076688 ,        0.391 ,-0.352        ,N
2004-02-15 13:42:39 ,-0.001532      ,     0.078862 ,        0.374 ,-0.332        ,N
2004-02-15 13:52:39 ,-0.001813      ,     0.076965 ,        0.356 ,-0.432        ,N
2004-02-15 14:02:39 ,-0.002209      ,     0.078669 ,        0.42  ,-0.378        ,N
2004-02-15 14:12:39 ,-0.001087      ,     0.079089 ,        0.403 ,-0.378        ,N
2004-02-15 14:22:39 ,-0.001975      ,     0.078498 ,        0.386 ,-0.413        ,N
2004-02-15 14:32:39 ,-0.00221       ,     0.077626 ,        0.393 ,-0.376        ,N
2004-02-15 14:42:39 ,-0.001976      ,     0.077319 ,        0.43  ,-0.415        ,N
2004-02-15 14:52:39 ,-0.00216       ,     0.079457 ,        0.447 ,-0.542        ,N
2004-02-15 15:02:39 ,-0.0021        ,     0.078766 ,        0.391 ,-0.41         ,N
2004-02-15 15:12:39 ,-0.002331      ,     0.078144 ,        0.403 ,-0.339        ,N
2004-02-15 15:22:39 ,-0.001634      ,     0.079328 ,        0.422 ,-0.425        ,N
2004-02-15 15:32:39 ,-0.001729      ,     0.077891 ,        0.376 ,-0.388        ,N
2004-02-15 15:42:39 ,-0.001873      ,     0.07739  ,        0.349 ,-0.381        ,N
2004-02-15 15:52:39 ,-0.002065      ,     0.077148 ,        0.371 ,-0.364        ,N
2004-02-15 16:02:39 ,-0.002142      ,     0.076106 ,        0.339 ,-0.371        ,N
2004-02-15 16:12:39 ,-0.002242      ,     0.077292 ,        0.396 ,-0.344        ,N
2004-02-15 16:22:39 ,-0.002213      ,     0.076607 ,        0.352 ,-0.356        ,N
2004-02-15 16:32:39 ,-0.002023      ,     0.078039 ,        0.376 ,-0.349        ,N
2004-02-15 16:42:39 ,-0.00189       ,     0.075765 ,        0.398 ,-0.347        ,N
2004-02-15 16:52:39 ,-0.002116      ,     0.076905 ,        0.361 ,-0.4          ,N
2004-02-15 17:02:39 ,-0.001737      ,     0.07731  ,        0.371 ,-0.378        ,N
2004-02-15 17:12:39 ,-0.001984      ,     0.07841  ,        0.378 ,-0.376        ,N
2004-02-15 17:22:39 ,-0.001784      ,     0.075701 ,        0.349 ,-0.322        ,N
2004-02-15 17:32:39 ,-0.001659      ,     0.078467 ,        0.386 ,-0.459        ,N
2004-02-15 17:42:39 ,-0.002467      ,     0.077658 ,        0.393 ,-0.413        ,N
2004-02-15 17:52:39 ,-0.00214       ,     0.076818 ,        0.371 ,-0.371        ,N
2004-02-15 18:02:39 ,-0.001969      ,     0.077469 ,        0.344 ,-0.308        ,N
2004-02-15 18:12:39 ,-0.001915      ,     0.076871 ,        0.376 ,-0.339        ,N
2004-02-15 18:22:39 ,-0.002027      ,     0.077535 ,        0.383 ,-0.359        ,N
2004-02-15 18:32:39 ,-0.001946      ,     0.075762 ,        0.334 ,-0.378        ,N
2004-02-15 18:42:39 ,-0.0023        ,     0.07663  ,        0.352 ,-0.396        ,N
2004-02-15 18:52:39 ,-0.002221      ,     0.076779 ,        0.405 ,-0.369        ,N
2004-02-15 19:02:39 ,-0.002201      ,     0.075457 ,        0.386 ,-0.391        ,N
2004-02-15 19:12:39 ,-0.001845      ,     0.076704 ,        0.493 ,-0.349        ,N
2004-02-15 19:22:39 ,-0.001668      ,     0.076574 ,        0.457 ,-0.376        ,N
2004-02-15 19:32:39 ,-0.002067      ,     0.076096 ,        0.461 ,-0.337        ,N
2004-02-15 19:42:39 ,-0.002377      ,     0.075838 ,        0.31  ,-0.347        ,N
2004-02-15 19:52:39 ,-0.002078      ,     0.07864  ,        0.408 ,-0.369        ,N
2004-02-15 20:02:39 ,-0.002196      ,     0.074857 ,        0.32  ,-0.305        ,N
2004-02-15 20:12:39 ,-0.002173      ,     0.07548  ,        0.352 ,-0.408        ,N
2004-02-15 20:22:39 ,-0.00129       ,     0.077455 ,        0.376 ,-0.369        ,N
2004-02-15 20:32:39 ,-0.002199      ,     0.077849 ,        0.388 ,-0.4          ,N
2004-02-15 20:42:39 ,-0.001991      ,     0.078097 ,        0.444 ,-0.339        ,N
2004-02-15 20:52:39 ,-0.002325      ,     0.076079 ,        0.405 ,-0.415        ,N
2004-02-15 21:02:39 ,-0.001804      ,     0.07745  ,        0.378 ,-0.408        ,N
2004-02-15 21:12:39 ,-0.002239      ,     0.076902 ,        0.393 ,-0.342        ,N
2004-02-15 21:22:39 ,-0.002343      ,     0.078416 ,        0.344 ,-0.393        ,N
2004-02-15 21:32:39 ,-0.00234       ,     0.07709  ,        0.378 ,-0.378        ,N
2004-02-15 21:42:39 ,-0.002167      ,     0.076619 ,        0.386 ,-0.32         ,N
2004-02-15 21:52:39 ,-0.001861      ,     0.076074 ,        0.391 ,-0.347        ,N
2004-02-15 22:02:39 ,-0.001691      ,     0.077452 ,        0.432 ,-0.393        ,N
2004-02-15 22:12:39 ,-0.001999      ,     0.07798  ,        0.518 ,-0.413        ,N
2004-02-15 22:22:39 ,-0.001688      ,     0.077618 ,        0.4   ,-0.356        ,N
2004-02-15 22:32:39 ,-0.002128      ,     0.07916  ,        0.415 ,-0.371        ,N
2004-02-15 22:42:39 ,-0.002018      ,     0.077522 ,        0.391 ,-0.334        ,N
2004-02-15 22:52:39 ,-0.002166      ,     0.078531 ,        0.376 ,-0.454        ,N
2004-02-15 23:02:39 ,-0.001749      ,     0.078963 ,        0.349 ,-0.442        ,N
2004-02-15 23:12:39 ,-0.001645      ,     0.079059 ,        0.327 ,-0.391        ,N
2004-02-15 23:22:39 ,-0.001831      ,     0.078199 ,        0.398 ,-0.457        ,N
2004-02-15 23:32:39 ,-0.001272      ,     0.077805 ,        0.403 ,-0.386        ,N
2004-02-15 23:42:39 ,-0.002552      ,     0.077487 ,        0.366 ,-0.327        ,N
2004-02-15 23:52:39 ,-0.001675      ,     0.081518 ,        0.413 ,-0.483        ,N
2004-02-16 00:02:39 ,-0.001662      ,     0.076784 ,        0.474 ,-0.388        ,N
2004-02-16 00:12:39 ,-0.002186      ,     0.078284 ,        0.349 ,-0.374        ,N
2004-02-16 00:22:39 ,-0.001882      ,     0.07712  ,        0.361 ,-0.332        ,N
2004-02-16 00:32:39 ,-0.002468      ,     0.078316 ,        0.364 ,-0.422        ,N
2004-02-16 00:42:39 ,-0.002384      ,     0.077384 ,        0.378 ,-0.342        ,N
2004-02-16 00:52:39 ,-0.002128      ,     0.075542 ,        0.4   ,-0.361        ,N
2004-02-16 01:02:39 ,-0.001196      ,     0.077874 ,        0.359 ,-0.359        ,N
2004-02-16 01:12:39 ,-0.001831      ,     0.079017 ,        0.393 ,-0.437        ,N
2004-02-16 01:22:39 ,-0.001827      ,     0.076481 ,        0.398 ,-0.398        ,N
2004-02-16 01:32:39 ,-0.002473      ,     0.078182 ,        0.391 ,-0.332        ,N
2004-02-16 01:42:39 ,-0.002378      ,     0.079586 ,        0.405 ,-0.369        ,N
2004-02-16 01:52:39 ,-0.002244      ,     0.079525 ,        0.425 ,-0.381        ,N
2004-02-16 02:02:39 ,-0.001397      ,     0.080096 ,        0.393 ,-0.498        ,N
2004-02-16 02:12:39 ,-0.001957      ,     0.077876 ,        0.374 ,-0.391        ,N
2004-02-16 02:22:39 ,-0.001775      ,     0.078463 ,        0.374 ,-0.396        ,N
2004-02-16 02:32:39 ,-0.001761      ,     0.078142 ,        0.435 ,-0.391        ,N
2004-02-16 02:42:39 ,-0.001925      ,     0.077805 ,        0.398 ,-0.366        ,N
2004-02-16 02:52:39 ,-0.002045      ,     0.079438 ,        0.349 ,-0.364        ,N
2004-02-16 03:02:39 ,-0.001804      ,     0.077099 ,        0.398 ,-0.376        ,N
2004-02-16 03:12:39 ,-0.002038      ,     0.08224  ,        0.396 ,-0.457        ,N
2004-02-16 03:22:39 ,-0.002299      ,     0.084295 ,        0.383 ,-0.43         ,N
2004-02-16 03:32:39 ,-0.001664      ,     0.084264 ,        0.4   ,-0.364        ,N
2004-02-16 03:42:39 ,-0.001737      ,     0.08308  ,        0.327 ,-0.42         ,N
2004-02-16 03:52:39 ,-0.001723      ,     0.08265  ,        0.393 ,-0.356        ,N
2004-02-16 04:02:39 ,-0.002014      ,     0.084247 ,        0.42  ,-0.41         ,N
2004-02-16 04:12:39 ,-0.002325      ,     0.085956 ,        0.476 ,-0.413        ,N
2004-02-16 04:22:39 ,-0.001967      ,     0.08442  ,        0.515 ,-0.471        ,N
2004-02-16 04:32:39 ,-0.001572      ,     0.082668 ,        0.393 ,-0.369        ,N
2004-02-16 04:42:39 ,-0.001804      ,     0.083619 ,        0.4   ,-0.396        ,N
2004-02-16 04:52:39 ,-0.002247      ,     0.083786 ,        0.366 ,-0.444        ,N
2004-02-16 05:02:39 ,-0.002347      ,     0.085484 ,        0.374 ,-0.42         ,N
2004-02-16 05:12:39 ,-0.001895      ,     0.08428  ,        0.41  ,-0.366        ,N
2004-02-16 05:22:39 ,-0.002053      ,     0.086955 ,        0.398 ,-0.383        ,N
2004-02-16 05:32:39 ,-0.002821      ,     0.084739 ,        0.518 ,-0.371        ,N
2004-02-16 05:42:39 ,-0.001964      ,     0.085146 ,        0.374 ,-0.413        ,N
2004-02-16 05:52:39 ,-0.001769      ,     0.086974 ,        0.403 ,-0.381        ,N
2004-02-16 06:02:39 ,-0.002452      ,     0.086921 ,        0.381 ,-0.396        ,N
2004-02-16 06:12:39 ,-0.002355      ,     0.087869 ,        0.364 ,-0.469        ,N
2004-02-16 06:22:39 ,-0.00243       ,     0.085616 ,        0.396 ,-0.356        ,N
2004-02-16 06:32:39 ,-0.002374      ,     0.085413 ,        0.405 ,-0.532        ,N
2004-02-16 06:42:39 ,-0.001604      ,     0.086598 ,        0.442 ,-0.391        ,N
2004-02-16 06:52:39 ,-0.001916      ,     0.087583 ,        0.435 ,-0.393        ,N
2004-02-16 07:02:39 ,-0.002094      ,     0.088175 ,        0.439 ,-0.4          ,N
2004-02-16 07:12:39 ,-0.001502      ,     0.086041 ,        0.403 ,-0.391        ,N
2004-02-16 07:22:39 ,-0.002056      ,     0.089155 ,        0.366 ,-0.498        ,N
2004-02-16 07:32:39 ,-0.002039      ,     0.085593 ,        0.364 ,-0.398        ,N
2004-02-16 07:42:39 ,-0.002221      ,     0.088246 ,        0.396 ,-0.381        ,N
2004-02-16 07:52:39 ,-0.002211      ,     0.088806 ,        0.476 ,-0.366        ,N
2004-02-16 08:02:39 ,-0.001788      ,     0.087287 ,        0.452 ,-0.378        ,N
2004-02-16 08:12:39 ,-0.001826      ,     0.08746  ,        0.415 ,-0.464        ,N
2004-02-16 08:22:39 ,-0.002275      ,     0.088888 ,        0.479 ,-0.381        ,N
2004-02-16 08:32:39 ,-0.002172      ,     0.086038 ,        0.334 ,-0.4          ,N
2004-02-16 08:42:39 ,-0.001544      ,     0.088484 ,        0.437 ,-0.459        ,N
2004-02-16 08:52:39 ,-0.001769      ,     0.087832 ,        0.503 ,-0.554        ,N
2004-02-16 09:02:39 ,-0.002037      ,     0.086902 ,        0.396 ,-0.396        ,N
2004-02-16 09:12:39 ,-0.002041      ,     0.086719 ,        0.413 ,-0.481        ,N
2004-02-16 09:22:39 ,-0.001969      ,     0.088514 ,        0.505 ,-0.435        ,N
2004-02-16 09:32:39 ,-0.001949      ,     0.088119 ,        0.461 ,-0.374        ,N
2004-02-16 09:42:39 ,-0.001652      ,     0.089972 ,        0.369 ,-0.356        ,N
2004-02-16 09:52:39 ,-0.002217      ,     0.088377 ,        0.447 ,-0.383        ,N
2004-02-16 10:02:39 ,-0.002066      ,     0.087622 ,        0.42  ,-0.408        ,N
2004-02-16 10:12:39 ,-0.001884      ,     0.0895   ,        0.442 ,-0.415        ,N
2004-02-16 10:22:39 ,-0.001778      ,     0.089119 ,        0.417 ,-0.422        ,N
2004-02-16 10:32:39 ,-0.002097      ,     0.08817  ,        0.415 ,-0.474        ,N
2004-02-16 10:42:39 ,-0.001916      ,     0.088436 ,        0.403 ,-0.425        ,N
2004-02-16 10:52:39 ,-0.001821      ,     0.090132 ,        0.483 ,-0.42         ,N
2004-02-16 11:02:39 ,-0.002278      ,     0.090682 ,        0.439 ,-0.452        ,N
2004-02-16 11:12:39 ,-0.002445      ,     0.089881 ,        0.432 ,-0.454        ,N
2004-02-16 11:22:39 ,-0.001839      ,     0.091018 ,        0.439 ,-0.41         ,N
2004-02-16 11:32:39 ,-0.002084      ,     0.090089 ,        0.491 ,-0.378        ,N
2004-02-16 11:42:39 ,-0.002159      ,     0.092069 ,        0.43  ,-0.464        ,N
2004-02-16 11:52:39 ,-0.001679      ,     0.089193 ,        0.383 ,-0.405        ,N
2004-02-16 12:02:39 ,-0.002052      ,     0.089705 ,        0.505 ,-0.403        ,N
2004-02-16 12:12:39 ,-0.001878      ,     0.091075 ,        0.393 ,-0.403        ,N
2004-02-16 12:22:39 ,-0.00207       ,     0.091801 ,        0.466 ,-0.444        ,N
2004-02-16 12:32:39 ,-0.001721      ,     0.089799 ,        0.544 ,-0.522        ,N
2004-02-16 12:42:39 ,-0.002903      ,     0.091191 ,        0.41  ,-0.422        ,N
2004-02-16 12:52:39 ,-0.002134      ,     0.090844 ,        0.415 ,-0.454        ,N
2004-02-16 13:02:39 ,-0.001948      ,     0.089603 ,        0.383 ,-0.493        ,N
2004-02-16 13:12:39 ,-0.002021      ,     0.089801 ,        0.498 ,-0.376        ,N
2004-02-16 13:22:39 ,-0.001556      ,     0.091393 ,        0.5   ,-0.444        ,N
2004-02-16 13:32:39 ,-0.002203      ,     0.091932 ,        0.383 ,-0.425        ,N
2004-02-16 13:42:39 ,-0.001816      ,     0.09038  ,        0.386 ,-0.381        ,N
2004-02-16 13:52:39 ,-0.001943      ,     0.091598 ,        0.449 ,-0.454        ,N
2004-02-16 14:02:39 ,-0.0017        ,     0.091427 ,        0.4   ,-0.449        ,N
2004-02-16 14:12:39 ,-0.002294      ,     0.090355 ,        0.476 ,-0.393        ,N
2004-02-16 14:22:39 ,-0.001754      ,     0.090995 ,        0.388 ,-0.391        ,N
2004-02-16 14:32:39 ,-0.00166       ,     0.0911   ,        0.496 ,-0.457        ,N
2004-02-16 14:42:39 ,-0.001758      ,     0.093148 ,        0.547 ,-0.447        ,N
2004-02-16 14:52:39 ,-0.001805      ,     0.091943 ,        0.447 ,-0.374        ,N
2004-02-16 15:02:39 ,-0.00207       ,     0.092181 ,        0.503 ,-0.488        ,N
2004-02-16 15:12:39 ,-0.002166      ,     0.091804 ,        0.371 ,-0.442        ,N
2004-02-16 15:22:39 ,-0.002323      ,     0.093382 ,        0.417 ,-0.5          ,N
2004-02-16 15:32:39 ,-0.001464      ,     0.093138 ,        0.447 ,-0.381        ,N
2004-02-16 15:42:39 ,-0.002004      ,     0.093591 ,        0.422 ,-0.503        ,N
2004-02-16 15:52:39 ,-0.002302      ,     0.094508 ,        0.371 ,-0.449        ,N
2004-02-16 16:02:39 ,-0.001807      ,     0.094865 ,        0.425 ,-0.413        ,N
2004-02-16 16:12:39 ,-0.002327      ,     0.095883 ,        0.498 ,-0.405        ,N
2004-02-16 16:22:39 ,-0.001824      ,     0.094519 ,        0.479 ,-0.466        ,N
2004-02-16 16:32:39 ,-0.002173      ,     0.094819 ,        0.452 ,-0.42         ,N
2004-02-16 16:42:39 ,-0.001735      ,     0.095583 ,        0.437 ,-0.452        ,N
2004-02-16 16:52:39 ,-0.001951      ,     0.096251 ,        0.43  ,-0.437        ,N
2004-02-16 17:02:39 ,-0.001877      ,     0.096275 ,        0.425 ,-0.391        ,N
2004-02-16 17:12:39 ,-0.001585      ,     0.094975 ,        0.508 ,-0.466        ,N
2004-02-16 17:22:39 ,-0.002325      ,     0.095492 ,        0.503 ,-0.464        ,N
2004-02-16 17:32:39 ,-0.001942      ,     0.094903 ,        0.461 ,-0.437        ,N
2004-02-16 17:42:39 ,-0.001762      ,     0.094266 ,        0.466 ,-0.479        ,N
2004-02-16 17:52:39 ,-0.002435      ,     0.093285 ,        0.493 ,-0.386        ,N
2004-02-16 18:02:39 ,-0.001749      ,     0.09845  ,        0.493 ,-0.552        ,N
2004-02-16 18:12:39 ,-0.001654      ,     0.095039 ,        0.42  ,-0.447        ,N
2004-02-16 18:22:39 ,-0.001448      ,     0.095579 ,        0.432 ,-0.427        ,N
2004-02-16 18:32:39 ,-0.001796      ,     0.096928 ,        0.493 ,-0.537        ,N
2004-02-16 18:42:39 ,-0.001845      ,     0.096494 ,        0.498 ,-0.513        ,N
2004-02-16 18:52:39 ,-0.002064      ,     0.096103 ,        0.427 ,-0.405        ,N
2004-02-16 19:02:39 ,-0.00232       ,     0.096125 ,        0.54  ,-0.42         ,N
2004-02-16 19:12:39 ,-0.002294      ,     0.095653 ,        0.435 ,-0.447        ,N
2004-02-16 19:22:39 ,-0.001649      ,     0.095871 ,        0.461 ,-0.422        ,N
2004-02-16 19:32:39 ,-0.002118      ,     0.093567 ,        0.432 ,-0.383        ,N
2004-02-16 19:42:39 ,-0.001924      ,     0.097782 ,        0.535 ,-0.542        ,N
2004-02-16 19:52:39 ,-0.002181      ,     0.097082 ,        0.491 ,-0.439        ,N
2004-02-16 20:02:39 ,-0.002069      ,     0.094069 ,        0.454 ,-0.417        ,N
2004-02-16 20:12:39 ,-0.002103      ,     0.096314 ,        0.557 ,-0.439        ,N
2004-02-16 20:22:39 ,-0.001822      ,     0.095875 ,        0.449 ,-0.51         ,N
2004-02-16 20:32:39 ,-0.002164      ,     0.097395 ,        0.552 ,-0.488        ,N
2004-02-16 20:42:39 ,-0.001725      ,     0.097644 ,        0.454 ,-0.442        ,N
2004-02-16 20:52:39 ,-0.001732      ,     0.094821 ,        0.493 ,-0.461        ,N
2004-02-16 21:02:39 ,-0.00202       ,     0.09749  ,        0.415 ,-0.479        ,N
2004-02-16 21:12:39 ,-0.001513      ,     0.098436 ,        0.457 ,-0.41         ,N
2004-02-16 21:22:39 ,-0.001765      ,     0.099404 ,        0.439 ,-0.432        ,N
2004-02-16 21:32:39 ,-0.001681      ,     0.098365 ,        0.493 ,-0.422        ,N
2004-02-16 21:42:39 ,-0.001857      ,     0.098034 ,        0.396 ,-0.413        ,N
2004-02-16 21:52:39 ,-0.001569      ,     0.097915 ,        0.476 ,-0.4          ,N
2004-02-16 22:02:39 ,-0.001627      ,     0.09726  ,        0.386 ,-0.491        ,N
2004-02-16 22:12:39 ,-0.001409      ,     0.098376 ,        0.464 ,-0.391        ,N
2004-02-16 22:22:39 ,-0.002264      ,     0.103769 ,        0.496 ,-0.488        ,N
2004-02-16 22:32:39 ,-0.001631      ,     0.106374 ,        0.496 ,-0.5          ,N
2004-02-16 22:42:39 ,-0.002165      ,     0.105006 ,        0.498 ,-0.457        ,N
2004-02-16 22:52:39 ,-0.001676      ,     0.105341 ,        0.51  ,-0.439        ,N
2004-02-16 23:02:39 ,-0.002089      ,     0.106256 ,        0.527 ,-0.52         ,N
2004-02-16 23:12:39 ,-0.00215       ,     0.10427  ,        0.435 ,-0.457        ,N
2004-02-16 23:22:39 ,-0.002224      ,     0.105835 ,        0.508 ,-0.491        ,N
2004-02-16 23:32:39 ,-0.001664      ,     0.106197 ,        0.461 ,-0.481        ,N
2004-02-16 23:42:39 ,-0.002244      ,     0.102991 ,        0.571 ,-0.449        ,N
2004-02-16 23:52:39 ,-0.001483      ,     0.105959 ,        0.493 ,-0.493        ,N
2004-02-17 00:02:39 ,-0.001466      ,     0.105949 ,        0.527 ,-0.53         ,N
2004-02-17 00:12:39 ,-0.00187       ,     0.104624 ,        0.474 ,-0.549        ,N
2004-02-17 00:22:39 ,-0.002233      ,     0.105618 ,        0.481 ,-0.488        ,N
2004-02-17 00:32:39 ,-0.001632      ,     0.104347 ,        0.496 ,-0.461        ,N
2004-02-17 00:42:39 ,-0.001872      ,     0.106611 ,        0.459 ,-0.505        ,N
2004-02-17 00:52:39 ,-0.001659      ,     0.106609 ,        0.486 ,-0.483        ,N
2004-02-17 01:02:39 ,-0.002352      ,     0.104676 ,        0.581 ,-0.635        ,N
2004-02-17 01:12:39 ,-0.001825      ,     0.104194 ,        0.491 ,-0.466        ,N
2004-02-17 01:22:39 ,-0.001895      ,     0.106106 ,        0.479 ,-0.527        ,N
2004-02-17 01:32:39 ,-0.001646      ,     0.106844 ,        0.479 ,-0.532        ,N
2004-02-17 01:42:39 ,-0.001406      ,     0.104831 ,        0.603 ,-0.442        ,N
2004-02-17 01:52:39 ,-0.001847      ,     0.103583 ,        0.474 ,-0.425        ,N
2004-02-17 02:02:39 ,-0.001705      ,     0.106147 ,        0.466 ,-0.559        ,N
2004-02-17 02:12:39 ,-0.002192      ,     0.106296 ,        0.491 ,-0.466        ,N
2004-02-17 02:22:39 ,-0.00165       ,     0.1049   ,        0.486 ,-0.435        ,N
2004-02-17 02:32:39 ,-0.002229      ,     0.10294  ,        0.483 ,-0.474        ,N
2004-02-17 02:42:39 ,-0.001762      ,     0.101988 ,        0.552 ,-0.552        ,N
2004-02-17 02:52:39 ,-0.002257      ,     0.104867 ,        0.442 ,-0.461        ,N
2004-02-17 03:02:39 ,-0.002388      ,     0.102811 ,        0.496 ,-0.481        ,N
2004-02-17 03:12:39 ,-0.002074      ,     0.104118 ,        0.53  ,-0.537        ,N
2004-02-17 03:22:39 ,-0.002402      ,     0.105244 ,        0.53  ,-0.522        ,N
2004-02-17 03:32:39 ,-0.001976      ,     0.105297 ,        0.508 ,-0.457        ,N
2004-02-17 03:42:39 ,-0.001994      ,     0.103195 ,        0.452 ,-0.425        ,N
2004-02-17 03:52:39 ,-0.00163       ,     0.10399  ,        0.459 ,-0.488        ,N
2004-02-17 04:02:39 ,-0.001727      ,     0.104786 ,        0.5   ,-0.469        ,N
2004-02-17 04:12:39 ,-0.002862      ,     0.10485  ,        0.525 ,-0.505        ,N
2004-02-17 04:22:39 ,-0.001458      ,     0.10447  ,        0.532 ,-0.525        ,N
2004-02-17 04:32:39 ,-0.002099      ,     0.105304 ,        0.537 ,-0.513        ,N
2004-02-17 04:42:39 ,-0.001746      ,     0.107093 ,        0.562 ,-0.508        ,N
2004-02-17 04:52:39 ,-0.001405      ,     0.107115 ,        0.479 ,-0.518        ,N
2004-02-17 05:02:39 ,-0.00217       ,     0.105185 ,        0.518 ,-0.547        ,N
2004-02-17 05:12:39 ,-0.002123      ,     0.105143 ,        0.51  ,-0.417        ,N
2004-02-17 05:22:39 ,-0.00253       ,     0.105719 ,        0.454 ,-0.491        ,N
2004-02-17 05:32:39 ,-0.001684      ,     0.105426 ,        0.562 ,-0.583        ,N
2004-02-17 05:42:39 ,-0.002121      ,     0.106672 ,        0.483 ,-0.461        ,N
2004-02-17 05:52:39 ,-0.001803      ,     0.107131 ,        0.557 ,-0.471        ,N
2004-02-17 06:02:39 ,-0.00156       ,     0.108234 ,        0.505 ,-0.503        ,N
2004-02-17 06:12:39 ,-0.002084      ,     0.106633 ,        0.544 ,-0.51         ,N
2004-02-17 06:22:39 ,-0.002019      ,     0.105733 ,        0.491 ,-0.486        ,N
2004-02-17 06:32:39 ,-0.001364      ,     0.107271 ,        0.554 ,-0.52         ,N
2004-02-17 06:42:39 ,-0.001624      ,     0.109258 ,        0.498 ,-0.53         ,N
2004-02-17 06:52:39 ,-0.002406      ,     0.106474 ,        0.505 ,-0.479        ,N
2004-02-17 07:02:39 ,-0.002152      ,     0.10977  ,        0.576 ,-0.522        ,N
2004-02-17 07:12:39 ,-0.001707      ,     0.112755 ,        0.54  ,-0.552        ,N
2004-02-17 07:22:39 ,-0.002074      ,     0.120271 ,        0.588 ,-0.581        ,N
2004-02-17 07:32:39 ,-0.001914      ,     0.166885 ,        0.776 ,-0.808        ,N
2004-02-17 07:42:39 ,-0.001823      ,     0.171752 ,        0.881 ,-0.869        ,N
2004-02-17 07:52:39 ,-0.00241       ,     0.173738 ,        0.879 ,-0.903        ,N
2004-02-17 08:02:39 ,-0.002024      ,     0.171767 ,        0.974 ,-0.786        ,N
2004-02-17 08:12:39 ,-0.001405      ,     0.169111 ,        0.847 ,-0.82         ,N
2004-02-17 08:22:39 ,-0.002006      ,     0.17368  ,        0.867 ,-0.828        ,N
2004-02-17 08:32:39 ,-0.001855      ,     0.168589 ,        0.869 ,-0.774        ,N
2004-02-17 08:42:39 ,-0.002476      ,     0.166847 ,        0.842 ,-0.82         ,N
2004-02-17 08:52:39 ,-0.002374      ,     0.172507 ,        0.776 ,-0.75         ,N
2004-02-17 09:02:39 ,-0.001905      ,     0.169814 ,        0.999 ,-0.723        ,N
2004-02-17 09:12:39 ,-0.002371      ,     0.16882  ,        0.857 ,-0.784        ,N
2004-02-17 09:22:39 ,-0.001768      ,     0.168484 ,        0.793 ,-0.776        ,N
2004-02-17 09:32:39 ,-0.001675      ,     0.169501 ,        0.767 ,-0.725        ,N
2004-02-17 09:42:39 ,-0.002148      ,     0.169922 ,        0.896 ,-0.803        ,N
2004-02-17 09:52:39 ,-0.002344      ,     0.165079 ,        0.854 ,-0.747        ,N
2004-02-17 10:02:39 ,-0.001939      ,     0.165516 ,        0.869 ,-0.723        ,N
2004-02-17 10:12:39 ,-0.001725      ,     0.165028 ,        0.854 ,-0.769        ,N
2004-02-17 10:22:39 ,-0.002041      ,     0.168089 ,        0.759 ,-0.74         ,N
2004-02-17 10:32:39 ,-0.002772      ,     0.164076 ,        0.845 ,-0.774        ,N
2004-02-17 10:42:39 ,-0.002164      ,     0.16515  ,        0.818 ,-0.745        ,N
2004-02-17 10:52:39 ,-0.002126      ,     0.164114 ,        0.825 ,-0.728        ,N
2004-02-17 11:02:39 ,-0.002124      ,     0.163823 ,        0.801 ,-0.774        ,N
2004-02-17 11:12:39 ,-0.002281      ,     0.1632   ,        0.769 ,-0.784        ,N
2004-02-17 11:22:39 ,-0.002597      ,     0.168459 ,        0.801 ,-0.833        ,N
2004-02-17 11:32:39 ,-0.002132      ,     0.16696  ,        0.847 ,-0.815        ,N
2004-02-17 11:42:39 ,-0.001575      ,     0.165631 ,        0.852 ,-0.759        ,N
2004-02-17 11:52:39 ,-0.002311      ,     0.164142 ,        0.842 ,-0.789        ,N
2004-02-17 12:02:39 ,-0.001921      ,     0.165239 ,        0.813 ,-0.869        ,N
2004-02-17 12:12:39 ,-0.002078      ,     0.166293 ,        0.864 ,-0.84         ,N
2004-02-17 12:22:39 ,-0.002244      ,     0.157535 ,        0.876 ,-0.737        ,N
2004-02-17 12:32:39 ,-0.001874      ,     0.162113 ,        0.789 ,-0.781        ,N
2004-02-17 12:42:39 ,-0.001712      ,     0.155817 ,        0.803 ,-0.723        ,N
2004-02-17 12:52:39 ,-0.002833      ,     0.156764 ,        0.879 ,-0.725        ,N
2004-02-17 13:02:39 ,-0.002073      ,     0.154163 ,        0.784 ,-0.754        ,N
2004-02-17 13:12:39 ,-0.001955      ,     0.155015 ,        0.854 ,-0.698        ,N
2004-02-17 13:22:39 ,-0.00162       ,     0.154791 ,        0.842 ,-0.703        ,N
2004-02-17 13:32:39 ,-0.002098      ,     0.145053 ,        0.771 ,-0.701        ,N
2004-02-17 13:42:39 ,-0.00146       ,     0.142505 ,        0.74  ,-0.706        ,N
2004-02-17 13:52:39 ,-0.001815      ,     0.148078 ,        0.793 ,-0.657        ,N
2004-02-17 14:02:39 ,-0.002041      ,     0.145257 ,        0.72  ,-0.837        ,N
2004-02-17 14:12:39 ,-0.001668      ,     0.143907 ,        0.715 ,-0.713        ,N
2004-02-17 14:22:39 ,-0.001695      ,     0.139717 ,        0.706 ,-0.684        ,N
2004-02-17 14:32:39 ,-0.002122      ,     0.139405 ,        0.671 ,-0.706        ,N
2004-02-17 14:42:39 ,-0.00169       ,     0.139753 ,        0.669 ,-0.706        ,N
2004-02-17 14:52:39 ,-0.001796      ,     0.14241  ,        0.703 ,-0.74         ,N
2004-02-17 15:02:39 ,-0.001987      ,     0.138554 ,        0.71  ,-0.781        ,N
2004-02-17 15:12:39 ,-0.002185      ,     0.140578 ,        0.715 ,-0.71         ,N
2004-02-17 15:22:39 ,-0.001387      ,     0.134471 ,        0.757 ,-0.676        ,N
2004-02-17 15:32:39 ,-0.002033      ,     0.140521 ,        0.693 ,-0.674        ,N
2004-02-17 15:42:39 ,-0.00176       ,     0.139543 ,        0.745 ,-0.696        ,N
2004-02-17 15:52:39 ,-0.001757      ,     0.135083 ,        0.701 ,-0.652        ,N
2004-02-17 16:02:39 ,-0.002526      ,     0.135635 ,        0.796 ,-0.691        ,N
2004-02-17 16:12:39 ,-0.001325      ,     0.134965 ,        0.796 ,-0.688        ,N
2004-02-17 16:22:39 ,-0.001871      ,     0.131884 ,        0.605 ,-0.854        ,N
2004-02-17 16:32:39 ,-0.001842      ,     0.128504 ,        0.686 ,-0.635        ,N
2004-02-17 16:42:39 ,-0.001769      ,     0.12588  ,        0.588 ,-0.676        ,N
2004-02-17 16:52:39 ,-0.00178       ,     0.125751 ,        0.703 ,-0.649        ,N
2004-02-17 17:02:39 ,-0.002105      ,     0.124343 ,        0.73  ,-0.72         ,N
2004-02-17 17:12:39 ,-0.001952      ,     0.122733 ,        0.64  ,-0.681        ,N
2004-02-17 17:22:39 ,-0.001862      ,     0.120498 ,        0.903 ,-0.662        ,N
2004-02-17 17:32:39 ,-0.002001      ,     0.116646 ,        0.671 ,-0.605        ,N
2004-02-17 17:42:39 ,-0.001382      ,     0.117915 ,        0.615 ,-0.833        ,N
2004-02-17 17:52:39 ,-0.002267      ,     0.112836 ,        0.618 ,-0.588        ,N
2004-02-17 18:02:39 ,-0.001683      ,     0.112479 ,        0.579 ,-0.583        ,N
2004-02-17 18:12:39 ,-0.001634      ,     0.111316 ,        0.645 ,-0.53         ,N
2004-02-17 18:22:39 ,-0.002172      ,     0.111096 ,        0.596 ,-0.603        ,N
2004-02-17 18:32:39 ,-0.001451      ,     0.110858 ,        0.603 ,-0.61         ,N
2004-02-17 18:42:39 ,-0.001373      ,     0.110163 ,        0.601 ,-0.623        ,N
2004-02-17 18:52:39 ,-0.001746      ,     0.110021 ,        0.549 ,-0.547        ,N
2004-02-17 19:02:39 ,-0.001216      ,     0.107    ,        0.544 ,-0.557        ,N
2004-02-17 19:12:39 ,-0.001424      ,     0.107275 ,        0.491 ,-0.537        ,N
2004-02-17 19:22:39 ,-0.002171      ,     0.107796 ,        0.591 ,-0.715        ,N
2004-02-17 19:32:39 ,-0.001983      ,     0.105718 ,        0.574 ,-0.513        ,N
2004-02-17 19:42:39 ,-0.001585      ,     0.103841 ,        0.522 ,-0.647        ,N
2004-02-17 19:52:39 ,-0.00153       ,     0.106779 ,        0.569 ,-0.649        ,N
2004-02-17 20:02:39 ,-0.001612      ,     0.105285 ,        0.53  ,-0.513        ,N
2004-02-17 20:12:39 ,-0.002259      ,     0.104222 ,        0.518 ,-0.491        ,N
2004-02-17 20:22:39 ,-0.00125       ,     0.103456 ,        0.483 ,-0.522        ,N
2004-02-17 20:32:39 ,-0.001978      ,     0.103012 ,        0.554 ,-0.488        ,N
2004-02-17 20:42:39 ,-0.0019        ,     0.099306 ,        0.483 ,-0.532        ,N
2004-02-17 20:52:39 ,-0.001654      ,     0.102758 ,        0.488 ,-0.542        ,N
2004-02-17 21:02:39 ,-0.001315      ,     0.101502 ,        0.615 ,-0.693        ,N
2004-02-17 21:12:39 ,-0.001916      ,     0.100483 ,        0.483 ,-0.483        ,N
2004-02-17 21:22:39 ,-0.001832      ,     0.099363 ,        0.4   ,-0.471        ,N
2004-02-17 21:32:39 ,-0.00206       ,     0.102586 ,        0.486 ,-0.535        ,N
2004-02-17 21:42:39 ,-0.001568      ,     0.1      ,        0.376 ,-0.542        ,N
2004-02-17 21:52:39 ,-0.001929      ,     0.102748 ,        0.474 ,-0.518        ,N
2004-02-17 22:02:39 ,-0.001972      ,     0.100773 ,        0.483 ,-0.469        ,N
2004-02-17 22:12:39 ,-0.001932      ,     0.100699 ,        0.481 ,-0.5          ,N
2004-02-17 22:22:39 ,-0.001691      ,     0.102112 ,        0.547 ,-0.52         ,N
2004-02-17 22:32:39 ,-0.001406      ,     0.102746 ,        0.52  ,-0.608        ,N
2004-02-17 22:42:39 ,-0.001724      ,     0.103233 ,        0.439 ,-0.53         ,N
2004-02-17 22:52:39 ,-0.001735      ,     0.104725 ,        0.466 ,-0.559        ,N
2004-02-17 23:02:39 ,-0.001967      ,     0.105442 ,        0.513 ,-0.535        ,N
2004-02-17 23:12:39 ,-0.001817      ,     0.10416  ,        0.557 ,-0.527        ,N
2004-02-17 23:22:39 ,-0.001558      ,     0.105118 ,        0.525 ,-0.547        ,N
2004-02-17 23:32:39 ,-0.001738      ,     0.103017 ,        0.632 ,-0.493        ,N
2004-02-17 23:42:39 ,-0.002063      ,     0.106134 ,        0.493 ,-0.586        ,N
2004-02-17 23:52:39 ,-0.001853      ,     0.105773 ,        0.498 ,-0.532        ,N
2004-02-18 00:02:39 ,-0.001683      ,     0.106232 ,        0.535 ,-0.486        ,N
2004-02-18 00:12:39 ,-0.002316      ,     0.106344 ,        0.486 ,-0.527        ,N
2004-02-18 00:22:39 ,-0.001263      ,     0.10593  ,        0.576 ,-0.486        ,N
2004-02-18 00:32:39 ,-0.002109      ,     0.108894 ,        0.481 ,-0.645        ,N
2004-02-18 00:42:39 ,-0.002089      ,     0.107406 ,        0.508 ,-0.537        ,N
2004-02-18 00:52:39 ,-0.001542      ,     0.108716 ,        0.554 ,-0.54         ,N
2004-02-18 01:02:39 ,-0.00232       ,     0.110179 ,        0.591 ,-0.461        ,N
2004-02-18 01:12:39 ,-0.002595      ,     0.109818 ,        0.498 ,-0.63         ,N
2004-02-18 01:22:39 ,-0.002251      ,     0.108537 ,        0.459 ,-0.508        ,N
2004-02-18 01:32:39 ,-0.001853      ,     0.109699 ,        0.481 ,-0.5          ,N
2004-02-18 01:42:39 ,-0.001722      ,     0.110202 ,        0.508 ,-0.505        ,N
2004-02-18 01:52:39 ,-0.002073      ,     0.108409 ,        0.535 ,-0.635        ,N
2004-02-18 02:02:39 ,-0.002814      ,     0.108751 ,        0.461 ,-0.542        ,N
2004-02-18 02:12:39 ,-0.001585      ,     0.109444 ,        0.471 ,-0.505        ,N
2004-02-18 02:22:39 ,-0.002318      ,     0.110201 ,        0.488 ,-0.535        ,N
2004-02-18 02:32:39 ,-0.001717      ,     0.110059 ,        0.532 ,-0.61         ,N
2004-02-18 02:42:39 ,-0.002133      ,     0.11047  ,        0.581 ,-0.537        ,N
2004-02-18 02:52:39 ,-0.001898      ,     0.111066 ,        0.564 ,-0.564        ,N
2004-02-18 03:02:39 ,-0.002031      ,     0.111793 ,        0.491 ,-0.527        ,N
2004-02-18 03:12:39 ,-0.001701      ,     0.113766 ,        0.618 ,-0.657        ,N
2004-02-18 03:22:39 ,-0.001571      ,     0.111202 ,        0.62  ,-0.542        ,N
2004-02-18 03:32:39 ,-0.002117      ,     0.112779 ,        0.576 ,-0.515        ,N
2004-02-18 03:42:39 ,-0.002171      ,     0.13759  ,        0.657 ,-0.613        ,N
2004-02-18 03:52:39 ,-0.002065      ,     0.137145 ,        0.627 ,-0.693        ,N
2004-02-18 04:02:39 ,-0.001623      ,     0.135816 ,        0.691 ,-0.737        ,N
2004-02-18 04:12:39 ,-0.001774      ,     0.141272 ,        0.625 ,-0.713        ,N
2004-02-18 04:22:39 ,-0.001969      ,     0.13923  ,        0.774 ,-0.596        ,N
2004-02-18 04:32:39 ,-0.002134      ,     0.141476 ,        0.652 ,-0.64         ,N
2004-02-18 04:42:39 ,-0.002247      ,     0.145444 ,        0.718 ,-0.789        ,N
2004-02-18 04:52:39 ,-0.00167       ,     0.142256 ,        0.635 ,-0.669        ,N
2004-02-18 05:02:39 ,-0.001876      ,     0.148473 ,        0.671 ,-0.693        ,N
2004-02-18 05:12:39 ,-0.001902      ,     0.147329 ,        0.72  ,-0.674        ,N
2004-02-18 05:22:39 ,-0.002075      ,     0.150193 ,        0.698 ,-0.693        ,N
2004-02-18 05:32:39 ,-0.001923      ,     0.152348 ,        0.71  ,-0.73         ,N
2004-02-18 05:42:39 ,-0.002055      ,     0.157961 ,        0.884 ,-0.671        ,N
2004-02-18 05:52:39 ,-0.001618      ,     0.156418 ,        0.818 ,-0.742        ,N
2004-02-18 06:02:39 ,-0.001283      ,     0.158546 ,        0.745 ,-0.769        ,N
2004-02-18 06:12:39 ,-0.001898      ,     0.161843 ,        0.752 ,-0.662        ,N
2004-02-18 06:22:39 ,-0.001768      ,     0.163239 ,        0.803 ,-0.781        ,N
2004-02-18 06:32:39 ,-0.002043      ,     0.161165 ,        0.95  ,-0.723        ,N
2004-02-18 06:42:39 ,-0.002098      ,     0.163847 ,        0.791 ,-0.706        ,N
2004-02-18 06:52:39 ,-0.002159      ,     0.164127 ,        0.75  ,-0.737        ,N
2004-02-18 07:02:39 ,-0.00171       ,     0.16522  ,        0.764 ,-0.771        ,N
2004-02-18 07:12:39 ,-0.002063      ,     0.166644 ,        0.879 ,-0.845        ,N
2004-02-18 07:22:39 ,-0.001356      ,     0.167653 ,        0.793 ,-0.811        ,N
2004-02-18 07:32:39 ,-0.001412      ,     0.166486 ,        0.901 ,-0.781        ,N
2004-02-18 07:42:39 ,-0.001423      ,     0.164212 ,        0.859 ,-0.713        ,N
2004-02-18 07:52:39 ,-0.001908      ,     0.170273 ,        0.818 ,-0.698        ,N
2004-02-18 08:02:39 ,-0.001303      ,     0.17362  ,        0.857 ,-0.837        ,N
2004-02-18 08:12:39 ,-0.001671      ,     0.172978 ,        0.737 ,-0.762        ,N
2004-02-18 08:22:39 ,-0.001952      ,     0.173283 ,        0.869 ,-0.796        ,N
2004-02-18 08:32:39 ,-0.002398      ,     0.168471 ,        0.771 ,-0.82         ,N
2004-02-18 08:42:39 ,-0.002489      ,     0.162906 ,        0.745 ,-0.735        ,N
2004-02-18 08:52:39 ,-0.001229      ,     0.161053 ,        0.752 ,-0.652        ,N
2004-02-18 09:02:39 ,-0.001825      ,     0.163241 ,        0.779 ,-0.73         ,N
2004-02-18 09:12:39 ,-0.002853      ,     0.165556 ,        0.715 ,-0.791        ,N
2004-02-18 09:22:39 ,-0.0016        ,     0.171369 ,        0.747 ,-0.811        ,N
2004-02-18 09:32:39 ,-0.001256      ,     0.161583 ,        0.706 ,-0.82         ,N
2004-02-18 09:42:39 ,-0.001876      ,     0.160475 ,        0.781 ,-0.776        ,N
2004-02-18 09:52:39 ,-0.001699      ,     0.162632 ,        0.786 ,-0.769        ,N
2004-02-18 10:02:39 ,-0.002242      ,     0.159655 ,        0.767 ,-0.82         ,N
2004-02-18 10:12:39 ,-0.001976      ,     0.165228 ,        0.752 ,-0.754        ,N
2004-02-18 10:22:39 ,-0.001032      ,     0.16352  ,        0.728 ,-0.75         ,N
2004-02-18 10:32:39 ,-0.002148      ,     0.161799 ,        0.732 ,-0.715        ,N
2004-02-18 10:42:39 ,-0.001972      ,     0.160132 ,        0.798 ,-0.801        ,N
2004-02-18 10:52:39 ,-0.001413      ,     0.153615 ,        0.789 ,-0.764        ,N
2004-02-18 11:02:39 ,-0.00223       ,     0.151167 ,        0.771 ,-0.75         ,N
2004-02-18 11:12:39 ,-0.001578      ,     0.149808 ,        0.815 ,-0.776        ,N
2004-02-18 11:22:39 ,-0.001617      ,     0.149326 ,        0.828 ,-0.815        ,N
2004-02-18 11:32:39 ,-0.002313      ,     0.149801 ,        0.747 ,-0.825        ,N
2004-02-18 11:42:39 ,-0.002267      ,     0.149846 ,        0.774 ,-0.798        ,N
2004-02-18 11:52:39 ,-0.001932      ,     0.167173 ,        0.808 ,-0.881        ,N
2004-02-18 12:02:39 ,-0.002055      ,     0.169987 ,        0.833 ,-0.891        ,N
2004-02-18 12:12:39 ,-0.002874      ,     0.160341 ,        0.806 ,-0.991        ,N
2004-02-18 12:22:39 ,-0.001913      ,     0.159417 ,        0.828 ,-0.84         ,N
2004-02-18 12:32:39 ,-0.001514      ,     0.159392 ,        0.784 ,-0.84         ,N
2004-02-18 12:42:39 ,-0.002479      ,     0.154352 ,        0.742 ,-0.828        ,N
2004-02-18 12:52:39 ,-0.001775      ,     0.150208 ,        0.715 ,-0.784        ,N
2004-02-18 13:02:39 ,-0.001797      ,     0.153777 ,        0.92  ,-0.815        ,N
2004-02-18 13:12:39 ,-0.002398      ,     0.155576 ,        0.725 ,-0.859        ,N
2004-02-18 13:22:39 ,-0.002322      ,     0.151882 ,        0.862 ,-0.852        ,N
2004-02-18 13:32:39 ,-0.001706      ,     0.150229 ,        0.742 ,-0.823        ,N
2004-02-18 13:42:39 ,-0.001893      ,     0.151966 ,        0.796 ,-0.762        ,N
2004-02-18 13:52:39 ,-0.002694      ,     0.15544  ,        0.933 ,-0.862        ,N
2004-02-18 14:02:39 ,-0.001788      ,     0.155915 ,        0.732 ,-0.771        ,N
2004-02-18 14:12:39 ,-0.002369      ,     0.155325 ,        0.854 ,-0.974        ,N
2004-02-18 14:22:39 ,-0.00073       ,     0.154437 ,        0.825 ,-0.859        ,N
2004-02-18 14:32:39 ,-0.001816      ,     0.155343 ,        0.798 ,-0.845        ,N
2004-02-18 14:42:39 ,-0.001768      ,     0.163656 ,        0.845 ,-0.918        ,N
2004-02-18 14:52:39 ,-0.001738      ,     0.156237 ,        0.85  ,-0.937        ,N
2004-02-18 15:02:39 ,-0.00228       ,     0.14537  ,        0.715 ,-0.894        ,N
2004-02-18 15:12:39 ,-0.001468      ,     0.135743 ,        0.703 ,-0.759        ,N
2004-02-18 15:22:39 ,-0.002475      ,     0.131943 ,        0.698 ,-0.713        ,N
2004-02-18 15:32:39 ,-0.001738      ,     0.125568 ,        0.625 ,-0.598        ,N
2004-02-18 15:42:39 ,-0.002204      ,     0.122485 ,        0.588 ,-0.703        ,N
2004-02-18 15:52:39 ,-0.001061      ,     0.121928 ,        0.522 ,-0.601        ,N
2004-02-18 16:02:39 ,-0.00252       ,     0.118854 ,        0.571 ,-0.544        ,N
2004-02-18 16:12:39 ,-0.002076      ,     0.121214 ,        0.532 ,-0.591        ,N
2004-02-18 16:22:39 ,-0.001963      ,     0.120182 ,        0.625 ,-0.569        ,N
2004-02-18 16:32:39 ,-0.001525      ,     0.120702 ,        0.608 ,-0.576        ,N
2004-02-18 16:42:39 ,-0.001787      ,     0.126006 ,        0.566 ,-0.564        ,N
2004-02-18 16:52:39 ,-0.00199       ,     0.128882 ,        0.618 ,-0.679        ,N
2004-02-18 17:02:39 ,-0.001514      ,     0.143859 ,        0.618 ,-0.73         ,N
2004-02-18 17:12:39 ,-0.00248       ,     0.153044 ,        0.586 ,-0.708        ,N
2004-02-18 17:22:39 ,-0.002099      ,     0.166229 ,        0.774 ,-0.837        ,N
2004-02-18 17:32:39 ,-0.001779      ,     0.175446 ,        0.73  ,-0.75         ,N
2004-02-18 17:42:39 ,-0.001934      ,     0.182842 ,        0.806 ,-0.974        ,N
2004-02-18 17:52:39 ,-0.001827      ,     0.183039 ,        0.703 ,-0.767        ,N
2004-02-18 18:02:39 ,-0.002659      ,     0.184322 ,        0.71  ,-0.793        ,N
2004-02-18 18:12:39 ,-0.0021        ,     0.173683 ,        0.723 ,-0.774        ,N
2004-02-18 18:22:39 ,-0.00155       ,     0.165095 ,        0.593 ,-0.803        ,N
2004-02-18 18:32:39 ,-0.001472      ,     0.173171 ,        0.703 ,-0.789        ,N
2004-02-18 18:42:39 ,-0.001265      ,     0.177687 ,        0.776 ,-0.916        ,N
2004-02-18 18:52:39 ,-0.001885      ,     0.176544 ,        0.776 ,-0.776        ,N
2004-02-18 19:02:39 ,-0.002314      ,     0.193024 ,        0.776 ,-0.996        ,N
2004-02-18 19:12:39 ,-0.002242      ,     0.176903 ,        0.596 ,-0.789        ,N
2004-02-18 19:22:39 ,-0.000905      ,     0.171013 ,        0.667 ,-0.928        ,N
2004-02-18 19:32:39 ,-0.00215       ,     0.175143 ,        0.764 ,-0.872        ,N
2004-02-18 19:42:39 ,-0.002174      ,     0.169925 ,        0.903 ,-0.93         ,N
2004-02-18 19:52:39 ,-0.001638      ,     0.175514 ,        0.852 ,-0.894        ,N
2004-02-18 20:02:39 ,-0.002199      ,     0.169582 ,        0.745 ,-0.876        ,N
2004-02-18 20:12:39 ,-0.001823      ,     0.184589 ,        0.803 ,-0.959        ,N
2004-02-18 20:22:39 ,-0.001787      ,     0.179644 ,        0.898 ,-0.911        ,N
2004-02-18 20:32:39 ,-0.001804      ,     0.171559 ,        0.803 ,-0.94         ,N
2004-02-18 20:42:39 ,-0.00181       ,     0.169235 ,        0.833 ,-0.825        ,N
2004-02-18 20:52:39 ,-0.00232       ,     0.157953 ,        0.667 ,-0.735        ,N
2004-02-18 21:02:39 ,-0.001451      ,     0.150922 ,        0.654 ,-0.706        ,N
2004-02-18 21:12:39 ,-0.00205       ,     0.158322 ,        0.713 ,-0.63         ,N
2004-02-18 21:22:39 ,-0.002082      ,     0.170493 ,        0.718 ,-0.691        ,N
2004-02-18 21:32:39 ,-0.001756      ,     0.167693 ,        0.718 ,-0.632        ,N
2004-02-18 21:42:39 ,-0.002312      ,     0.179606 ,        0.815 ,-0.859        ,N
2004-02-18 21:52:39 ,-0.001971      ,     0.192035 ,        0.835 ,-0.947        ,N
2004-02-18 22:02:39 ,-0.001965      ,     0.199987 ,        0.854 ,-0.847        ,N
2004-02-18 22:12:39 ,-0.001584      ,     0.224452 ,        0.991 ,-1.003        ,N
2004-02-18 22:22:39 ,-0.001742      ,     0.265924 ,        1.169 ,-1.211        ,N
2004-02-18 22:32:39 ,-0.002081      ,     0.201147 ,        0.969 ,-1.064        ,N
2004-02-18 22:42:39 ,-0.002433      ,     0.196895 ,        0.837 ,-1.028        ,N
2004-02-18 22:52:39 ,-0.001713      ,     0.19559  ,        0.823 ,-0.964        ,N
2004-02-18 23:02:39 ,-0.001676      ,     0.166464 ,        0.647 ,-0.786        ,N
2004-02-18 23:12:39 ,-0.002417      ,     0.162382 ,        0.676 ,-0.806        ,N
2004-02-18 23:22:39 ,-0.001897      ,     0.170059 ,        0.708 ,-0.833        ,N
2004-02-18 23:32:39 ,-0.002439      ,     0.163065 ,        0.64  ,-0.776        ,N
2004-02-18 23:42:39 ,-0.001483      ,     0.197983 ,        0.818 ,-0.825        ,N
2004-02-18 23:52:39 ,-0.002016      ,     0.188466 ,        0.759 ,-0.83         ,N
2004-02-19 00:02:39 ,-0.001586      ,     0.215431 ,        0.955 ,-1.118        ,N
2004-02-19 00:12:39 ,-0.001834      ,     0.183842 ,        0.71  ,-1.021        ,N
2004-02-19 00:22:39 ,-0.001688      ,     0.163867 ,        0.693 ,-0.728        ,N
2004-02-19 00:32:39 ,-0.002102      ,     0.158307 ,        0.647 ,-0.696        ,N
2004-02-19 00:42:39 ,-0.001911      ,     0.161192 ,        0.593 ,-0.769        ,N
2004-02-19 00:52:39 ,-0.001475      ,     0.18293  ,        0.669 ,-0.918        ,N
2004-02-19 01:02:39 ,-0.001712      ,     0.214418 ,        0.901 ,-1.091        ,N
2004-02-19 01:12:39 ,-0.001977      ,     0.237279 ,        1.147 ,-1.23         ,N
2004-02-19 01:22:39 ,-0.001603      ,     0.198753 ,        0.693 ,-0.759        ,N
2004-02-19 01:32:39 ,-0.002179      ,     0.236133 ,        0.825 ,-0.974        ,N
2004-02-19 01:42:39 ,-0.001916      ,     0.202979 ,        0.725 ,-0.862        ,N
2004-02-19 01:52:39 ,-0.001491      ,     0.221037 ,        0.891 ,-0.923        ,N
2004-02-19 02:02:39 ,-0.002594      ,     0.207205 ,        0.681 ,-0.808        ,N
2004-02-19 02:12:39 ,-0.002513      ,     0.261519 ,        0.994 ,-1.064        ,N
2004-02-19 02:22:39 ,-0.001051      ,     0.20162  ,        0.732 ,-0.806        ,N
2004-02-19 02:32:39 ,-0.001736      ,     0.222893 ,        1.113 ,-0.84         ,N
2004-02-19 02:42:39 ,-0.002729      ,     0.259228 ,        1.067 ,-1.301        ,N
2004-02-19 02:52:39 ,-0.001971      ,     0.231657 ,        1.062 ,-0.886        ,N
2004-02-19 03:02:39 ,-0.001923      ,     0.234569 ,        0.972 ,-1.023        ,N
2004-02-19 03:12:39 ,-0.000914      ,     0.247496 ,        0.991 ,-0.945        ,N
2004-02-19 03:22:39 ,-0.000628      ,     0.297187 ,        1.072 ,-1.199        ,N
2004-02-19 03:32:39 ,-0.001957      ,     0.291645 ,        1.162 ,-1.03         ,N
2004-02-19 03:42:39 ,-0.000824      ,     0.343735 ,        1.128 ,-1.257        ,N
2004-02-19 03:52:39 ,-0.001933      ,     0.314805 ,        1.086 ,-1.025        ,N
2004-02-19 04:02:39 ,-0.000623      ,     0.325715 ,        1.66  ,-2.28         ,N
2004-02-19 04:12:39 ,-0.003034      ,     0.353077 ,        1.973 ,-2.583        ,N
2004-02-19 04:22:39 ,-0.002125      ,     0.429673 ,        3.635 ,-2.974        ,N
2004-02-19 04:32:39 ,-0.002304      ,     0.415563 ,        2.122 ,-2.678        ,N
2004-02-19 04:42:39 ,-0.002291      ,     0.371674 ,        3.22  ,-3.469        ,N
2004-02-19 04:52:39 ,-0.002442      ,     0.447666 ,        2.073 ,-3.12         ,N
2004-02-19 05:02:39 ,0.003389       ,     0.672129 ,        4.998 ,-5.0          ,N
2004-02-19 05:12:39 ,-0.005278      ,     0.53093  ,        4.097 ,-4.25         ,N
2004-02-19 05:22:39 ,-0.003202      ,     0.445907 ,        2.803 ,-3.066        ,N
2004-02-19 05:32:39 ,-0.000365      ,     0.386975 ,        2.317 ,-1.577        ,N
2004-02-19 05:42:39 ,-0.002752      ,     0.724996 ,        4.998 ,-5.0          ,N
2004-02-19 05:52:39 ,-0.004487      ,     0.46199  ,        2.688 ,-2.881        ,N
2004-02-19 06:02:39 ,-0.001703      ,     0.483832 ,        3.501 ,-3.696        ,N
2004-02-19 06:12:39 ,0.001857       ,     0.000987 ,        0.005 ,0.0           ,N
2004-02-19 06:22:39 ,-0.001162      ,     0.001    ,        0.002 ,-0.005        ,Y
